id,name,age,income,purchase_date,product_category,purchase_amount,is_returned
e3e70682-c209-4cac-a29f-6fbed82c07cd,Thomas Gonzalez,42.0,92701.95,2021-04-14,Clothing,261.01,1
f728b4fa-4248-4e3a-8a5d-2f346baa9455,Christopher Barrett,66.0,67632.79,2021-06-14,Sports,318.51,1
eb1167b3-67a9-4378-bc65-c1e582e2e662,Kathy Willis,44.0,22836.08,2021-03-31,Electronics,370.91,0
f7c1bd87-4da5-4709-9471-3d60c8a70639,Shannon Bullock,20.0,83378.92,2023-11-04,Clothing,77.07,1
e443df78-9558-467f-9ba9-1faf7a024204,Steven Johnson,34.0,44448.31,2020-01-12,Home & Kitchen,256.4,0
23a7711a-8133-4876-b7eb-dcd9e87a1613,Tara Shaw,50.0,47191.23,2023-03-19,Sports,163.5,1
1846d424-c17c-4279-a3c6-612f48268673,Gary Hendricks,49.0,62414.84,2022-01-08,Electronics,363.72,1
fcbd04c3-4021-4ef7-8ca5-a5a19e4d6e3c,Lisa Klein,43.0,39923.76,2022-06-08,Electronics,182.95,0
b4862b21-fb97-4435-8856-1712e8e5216a,Charles Werner,68.0,,2021-11-08,Clothing,406.52,1
259f4329-e6f4-490b-9a16-4106cf6a659e,Denise Rowland,37.0,33084.38,2023-05-18,Home & Kitchen,99.85,1
12e0c8b2-bad6-40fb-9948-8dec4f65d4d9,Erin Huang,48.0,53186.43,2022-03-22,Electronics,497.38,1
5487ce1e-af19-422a-99b8-a714e61a441c,Robert Moore,40.0,43175.36,2021-07-23,Home & Kitchen,263.11,0
5a921187-19c7-4df4-8f4f-f31e78de5857,David Espinoza,55.0,61586.73,2021-07-26,Sports,214.8,1
a3f2c9bf-9c63-46b9-90f2-44556f25e2a2,Jennifer Moore,31.0,65918.54,2021-08-18,Clothing,364.2,0
8d723104-f773-43c1-b458-a748e9bb17bc,Pamela Parks,50.0,70171.18,2022-04-08,Books,192.53,1
85776e9a-dd84-439e-b154-5a137a1d5006,Patricia Rodriguez,,62510.06,2020-09-21,Books,22.56,0
eb2083e6-ce16-4dba-8ff1-8e0242af9fc3,Sara Francis,,52864.36,2024-05-23,Clothing,223.23,0
17e0aa3c-0398-4ca8-aa7e-9d498c778ea6,Mr. Brett Duran,26.0,,2023-10-22,Books,147.46,1
b5d32b16-6619-4cb1-9710-37d1b83e90ec,Richard Reid,66.0,,2021-03-10,Books,332.3,0
a0116be5-ab0c-4681-88f8-e3d0d3290a4c,Kimberly Jones,24.0,82284.02,2022-03-01,Clothing,265.72,1
d3fbf47a-7e5b-4e7f-9ca5-499d004ae545,Adrian Rowe,57.0,83054.19,2022-09-30,Clothing,415.9,0
baf3897a-3e70-416a-9548-5822de1b372a,Bryce Cruz,69.0,43380.33,2021-12-21,Books,,1
101fbccc-ded7-43e8-b421-eaeb534097ca,Stacey Edwards,34.0,49744.35,2020-05-14,Electronics,81.9,1
38c1962e-9148-424f-aac1-c14f30e9c5cc,Angela Myers,52.0,,2022-09-22,Home & Kitchen,78.56,1
247a8333-f7b0-47d2-8da8-056c3d15eef7,Victoria Williams,63.0,32565.6,2022-11-03,Sports,288.45,0
1759edc3-72ae-4244-8b01-63c1cd9d2b7d,Thomas Johnson,69.0,75762.55,2022-06-10,Clothing,136.11,0
e005b860-51ef-4922-be43-c49e149818d1,Jennifer Castro,56.0,50514.22,2022-02-09,Home & Kitchen,109.74,1
7d41e602-eece-428b-bf7b-118e820865d6,Jennifer Mcclain,27.0,67285.0,2021-11-06,Clothing,471.18,0
4a84eb03-8d1f-49b7-8d2b-9deb1beb3711,Victoria Brown,,31162.65,2024-05-24,Sports,73.95,0
552f233a-8c25-466a-9ff3-9849b4e1357d,Sherry Thomas,24.0,73460.67,2019-12-29,Sports,458.45,0
3405095c-8a50-46c1-ac18-8efbd080e66e,Bethany Clark,64.0,48324.63,2023-12-07,Sports,270.43,0
8c1745a7-9a6a-4f92-8ca7-4147f6be1f72,Sandra Ray,22.0,57813.25,2019-07-07,Sports,468.77,0
1775336d-71ea-4d05-89a3-e80e966e1277,David Powell,61.0,53208.59,2023-04-20,Books,,1
5129fb7c-6288-41a5-8c45-782198a6416d,Mark Williams,39.0,58137.22,2021-10-20,Clothing,,1
2f120554-4a53-48cc-bdfa-bc08935ddd72,Andrea Smith,48.0,75575.65,2022-03-02,Sports,237.75,0
0870e15c-2fcd-41b5-924b-ace4307bf326,Raymond Wall,53.0,45459.21,2019-10-05,Books,47.22,0
42930b33-a81a-4477-bb36-75b89cdeb3e6,Teresa Wilson,24.0,72164.36,2024-04-13,Sports,186.5,0
adc0da7a-16fe-4aa0-91af-923d79fdef7c,Patrick Morris,40.0,24817.77,2020-05-29,Clothing,463.73,0
2648ee38-e074-45eb-a156-63abc1f254b8,Kenneth Brown,45.0,,2023-08-22,Sports,54.99,0
148b2758-d7ab-4928-89e4-69e6ec62b2c8,David Rivera,38.0,79616.78,2024-06-26,Books,126.59,1
d450fe4a-ec4f-417b-b306-d1a8e5eeac76,Mr. Bradley Stewart,57.0,24192.47,2023-12-10,Electronics,26.15,1
d67e55fd-642b-4a42-aef9-c00b8a64c1b9,Jamie Castillo,58.0,,2022-09-09,Clothing,431.11,1
85940927-468f-453d-864a-7a50b48d73f1,Benjamin Robinson,31.0,999905.2000000001,2020-04-07,Books,,0
37176e84-d977-4993-bc49-d76fcfc6e625,Sandra Dixon,53.0,57722.31,2022-06-20,Sports,296.73,1
d3447490-96fd-45d0-adf2-0806e5214606,Benjamin Moore,48.0,91083.6,2022-11-20,Home & Kitchen,235.5,0
46743741-9466-4472-ab5f-5241f323ca74,Keith Beck,46.0,20808.81,2024-02-25,Sports,133.72,1
a425799a-a905-4750-be1e-a9c573581a81,Krystal Bell,51.0,62146.24,2022-12-08,Clothing,294.99,1
fb82860d-eabc-48d0-b341-facdff0ac0f1,Monica Morales,34.0,25316.55,2020-04-24,Electronics,352.84,0
5306f3f5-1516-4570-9b7c-709acb175a5a,Natasha Conway,21.0,89368.78,2019-09-11,Electronics,397.53,1
964a870c-7c87-4b74-9d87-8f9f9cdf5a86,Gregory Waters,69.0,74903.72,2023-07-18,Electronics,85.42,0
30bcab0e-d857-4102-95d4-4936a1515607,James Rowland,53.0,79356.31,2021-04-07,Clothing,314.53,0
4562be7f-bb42-40b2-8426-465e3e37952d,Jose Wright,18.0,73520.61,2021-03-08,Clothing,341.02,1
5f3f5638-3870-4a14-b490-b6081dfc8352,Brian Graham,23.0,20513.88,2021-04-02,Books,292.68,1
6d16ee18-5521-46dd-aba4-b180cb69ca38,Kimberly Stone,64.0,23294.23,2024-02-14,Sports,365.24,0
c87a7463-19c1-4a0d-8feb-d845d0dfae43,Andrew Howard,43.0,69670.14,2023-09-08,Clothing,4999.3,0
38018b47-b29a-4b06-9af6-6c5f2577bffa,Catherine Adams,63.0,99974.81,2023-06-17,Electronics,477.55,1
a25b59fd-92e8-4269-912e-cbc40b9475b1,Dr. Travis Smith,70.0,89851.78,2021-12-07,Sports,326.84,1
9a27d858-88c1-42ad-afbf-c19ee8f6cf32,Cynthia Pena,,75974.86,2024-06-05,Books,315.88,0
1fdb8b32-06d5-49e8-92f1-75ffae3b16ec,Stacy Vega,60.0,78168.0,2022-05-25,Home & Kitchen,11.51,0
d480865f-9b38-4e80-b042-e325a28f5ab0,Rachel Martin,58.0,38134.96,2023-12-13,Home & Kitchen,,0
176ea1b1-6426-4cd5-9ea4-5cd69371a71f,Parker Fox,18.0,,2024-05-05,Books,302.53,0
1db53334-fb03-43a1-9576-d4155ec17dbe,Mrs. Janice Roberts DVM,57.0,43033.93,2022-07-07,Clothing,384.62,0
31d0b664-0589-4877-9b02-52440950fd13,Dr. Michael Lutz,49.0,28436.82,2022-06-21,Clothing,76.41,0
b7d6467b-2f5a-422a-b87f-43fdf6062541,Vanessa Thompson,70.0,56871.59,2024-04-27,Home & Kitchen,320.23,1
ba26d851-35e8-479a-baaf-0e891fb797fa,Kenneth Good,39.0,46415.66,2019-08-28,Sports,81.4,1
ade9b2b4-efdd-45f8-8fa3-4266ccfdba9b,Sharon Fuller,,33460.43,2022-03-13,Home & Kitchen,382.79,1
9edfa3da-6cf5-4b15-8b53-031d05d51433,Jenna Richardson,,53736.79,2020-02-05,Books,411.5,1
11ebcd49-428a-4c22-95fd-b76a19fbeb1d,Daniel Estes,38.0,91776.08,2023-08-07,Books,312.2,0
4d125e7f-a59c-4c98-926c-bc8f38884479,Sharon Dyer,63.0,54821.62,2024-03-08,Books,38.62,0
0fa07a3f-2e29-4065-afa2-31e959acdd98,Cynthia Morgan,22.0,55783.35,2022-04-23,Home & Kitchen,143.32,1
98b33c6e-0a14-490a-b795-e98680ee526e,Erica Thomas,30.0,76706.22,2020-12-31,Books,138.42,1
642aad48-fcfc-4a81-b306-d70019d5f970,Krista Herrera,54.0,61932.95,2024-01-05,Electronics,236.58,0
e786ab37-5bca-47be-8298-17c53308fb2e,Ashley Weeks,32.0,30337.84,2020-01-07,Clothing,391.13,1
e6fd68e8-d69c-41c2-b860-1602bb4a06cb,Michael Burke,33.0,92831.39,2023-06-14,Clothing,291.27,0
b29c467d-2b5f-4932-91dc-59efeb21a3f6,Michelle Davis,69.0,55529.95,2019-09-17,Electronics,496.02,1
c470f0e7-f76f-4fb8-b412-fc12ac322c12,Daniel Price MD,27.0,83147.02,2023-05-22,Clothing,355.58,0
28805c5d-ad1b-4f60-89e4-dab20edc6d2b,Jason Simon,69.0,,2023-04-28,Books,74.97,1
878b9f6b-57a1-4b71-a975-d279d86dbf11,Tyler Munoz,52.0,84547.68,2023-06-18,Books,489.67,0
ebe21368-98c7-4205-9e01-a934402d0baf,Justin Miller,,,2022-10-27,Sports,34.01,1
0361524c-2cc0-4859-aa65-24ab713b7e05,Melissa Barnes,,37612.76,2020-05-31,Clothing,169.76,1
e66cd36e-68ef-4f5f-ae68-690a78bc7175,Michael Mcconnell,23.0,35695.57,2023-08-14,Home & Kitchen,320.44,0
eae2025e-8233-4e23-9ff3-334b91b15f5d,Janice Boyer,38.0,95202.77,2020-08-16,Electronics,198.29,1
637e0edc-5b6e-4ae7-a620-81434fbaecc0,Anthony Bird,50.0,66922.42,2023-08-26,Electronics,15.98,1
27460f22-403d-4f83-a859-890cd670f668,Lisa Hansen,49.0,23983.46,2022-08-22,Books,151.76,0
753c7c99-032f-46ca-b0d9-c2aa8f837ef7,Steven Farrell,24.0,,2023-09-19,Clothing,124.72,0
bd30291a-55fe-408e-943e-2e04bdd7d19b,Mr. Michael Barber,37.0,38722.34,2022-03-13,Electronics,389.19,0
2284b7a4-47e7-4593-8b58-85ca0bb2c3f0,Rachel Davis DVM,53.0,26772.57,2019-07-28,Books,298.31,1
7b59051b-f400-48d7-831d-5a973d792fa1,Lauren Rivera,36.0,34940.47,2024-02-14,Sports,76.28,1
ac642b4c-49b2-4ded-9c31-d9b25a2b745b,Linda Davis,63.0,24559.24,2022-05-05,Sports,436.94,0
e456697c-f268-4baa-971c-702d5bf49c04,Alicia Kramer,25.0,71045.89,2021-09-26,Books,110.43,0
21e15094-9efe-4464-9a90-f534a23d4c9d,Monica Davis,53.0,33869.91,2021-10-16,Sports,163.24,0
bf9cc545-6355-48f7-8f6f-a985b732d46f,Jenna Anderson,39.0,68862.39,2022-05-03,Clothing,437.99,0
14aa451c-a69c-4b85-9432-f8db6a174c1c,Terri Nielsen,70.0,69000.54,2023-06-01,Electronics,383.78,0
b2d650af-313b-42b7-9836-31890063e42f,Sharon Gonzalez,52.0,76393.9,2021-01-31,Clothing,213.31,1
391cf046-3d4a-4d51-a8fa-fd04559b5975,Terry Garza,31.0,60969.49,2021-08-25,Sports,262.04,0
b5d97ef7-60ef-4471-b2b8-ff39a32c9b6f,Carlos Perez,69.0,42753.92,2020-06-16,Books,489.69,1
dfe1b307-9172-4f0a-ac7c-8803e01bbf50,Eric Navarro III,56.0,90196.6,2021-11-27,Home & Kitchen,356.85,0
df26f517-66fa-4989-8813-5d586a1689ad,Steven Beck,53.0,48245.69,2023-05-23,Books,359.29,0
c5adf681-6b10-453a-9145-de05b3ab1b2c,Catherine Harrell,55.0,56663.55,2019-09-19,Sports,329.61,0
2a69acc7-0bf9-40ef-b581-6b74a985ab61,Joshua Castillo,36.0,70550.35,2023-09-29,Sports,494.18,1
b3969057-425c-4200-905a-da6b720299e3,Robert Nelson,46.0,61289.94,2020-04-20,Electronics,462.38,1
e28bc9ff-870f-484c-b244-f536285e25b4,Melissa Phelps,23.0,999905.2000000001,2020-04-27,Electronics,152.63,0
9a9e4310-8fb8-4bab-a875-4cd37cbd7025,Rebecca Doyle,56.0,96377.41,2020-07-25,Sports,225.35,1
09f6048f-e245-4460-8004-884cc167733f,Charles Clark,69.0,94380.79,2023-03-18,Books,319.66,0
d675ebf7-4fe3-4c9a-9371-0f577e9cf84f,April Martinez,42.0,94726.11,2022-12-09,Electronics,122.27,0
d29dc5df-cf1d-4110-8cc3-6d8c77863fe5,Mr. Fernando Robinson,38.0,66476.81,2023-09-29,Clothing,325.41,0
6a46721a-cffa-4cdd-b963-a7efe00111e5,Eugene Ibarra,54.0,59216.17,2020-06-13,Books,452.12,1
f689a4a5-ffda-4336-8c6e-90373020da5c,Matthew Gross,33.0,76329.35,2024-01-11,Sports,4999.3,1
d663049d-155e-48b1-ba83-ada4a2121ac5,Chelsea Bailey,36.0,37233.57,2020-04-23,Home & Kitchen,187.12,1
03c54c71-fca0-4536-a169-df82b9bdee2d,Joshua Costa,,41269.76,2020-04-22,Home & Kitchen,227.72,0
6ae04d52-adb3-48cb-b315-8c0c66dd7794,Juan Jones,,23504.58,2021-08-10,Electronics,196.23,0
03a89879-36a9-4d74-80de-59f550f0fc2b,Troy Kerr,70.0,33028.6,2021-03-07,Electronics,323.44,1
faf1501b-009a-415b-8137-8be5b7a28e0a,Samuel Baldwin,29.0,20309.96,2023-04-22,Clothing,30.72,0
9cb017c1-8741-4e91-acfe-bb4bd29e8693,Julia Henderson,20.0,72370.21,2022-11-19,Sports,389.48,1
9bbd750d-1e70-4c52-b0c1-fb6a19086515,Kimberly Juarez,57.0,31232.56,2019-10-20,Electronics,146.24,0
4d6b234f-dfa7-46ed-b2d1-f81ba636425c,Barry Alexander,60.0,82934.35,2020-01-20,Sports,312.89,1
2ea60b99-fa7f-48bf-b044-284a47acf2f6,Jose Cooper,34.0,74440.32,2022-02-17,Sports,214.81,1
ec3aa314-da9b-4017-b9c1-47c719a5711b,Nancy Cruz,48.0,97654.06,2020-01-10,Home & Kitchen,307.59,1
0597aab6-14d3-4dbc-a0ac-f4c9658de17e,Michael Weaver,22.0,51721.16,2022-04-25,Clothing,286.63,1
ccc14d51-73f6-40d8-a9f4-1cc04653a560,Andrew Jensen,23.0,93711.35,2023-02-06,Books,261.19,0
41a93f90-dc82-4527-9da3-b7e2cad6e514,Laura Perry,61.0,56296.33,2022-08-07,Home & Kitchen,84.36,1
d138d150-8557-416a-a750-2a812227d96d,James Miller,66.0,47160.3,2019-07-21,Electronics,8.72,0
1d77ce40-58d8-4776-a51a-d4f3a699bae0,Barbara Nunez,26.0,28187.11,2024-03-09,Sports,57.95,1
d9ead926-4745-4d9e-a789-6389df3277fd,Carol Harris,,90626.57,2020-10-10,Books,195.52,1
34ab18fd-0a68-488e-8ad4-041504c14982,Kyle Russell,20.0,83583.21,2021-10-17,Home & Kitchen,132.26,0
50910bdc-8ef0-46d4-8279-b14dae55cdff,Kimberly Fox,23.0,45834.32,2022-02-16,Clothing,244.97,1
914591ae-f03d-466a-9dec-c06af24dfdd8,Brandon Middleton,62.0,56459.55,2024-05-23,Books,238.06,0
d8ab0b30-0ac0-4f0d-9974-c146e8ec01b3,Carlos Lee,52.0,46011.48,2021-01-18,Books,260.12,0
9b8b71a1-b38a-45fb-b611-64cebfc74ca9,Margaret Reynolds,61.0,,2022-10-17,Sports,70.69,0
a4e695c9-b65d-4226-be96-9cf3a7c5cb87,Martin Baker,43.0,23548.2,2023-09-12,Home & Kitchen,251.22,0
6f790959-a3e0-4b3b-b56b-0715e7180322,Margaret Morrison,63.0,49496.33,2022-04-30,Clothing,475.49,1
2da44da1-89b5-4368-9f14-c6125f58d5b5,Gregory Mack,51.0,,2020-08-14,Sports,90.13,0
4a814d53-964d-4b77-a025-f0ae35354579,Matthew Villegas,35.0,61961.17,2020-11-23,Home & Kitchen,12.69,1
4578bab3-26a9-4465-a371-ea2c0247145f,Joseph Lewis,51.0,35022.8,2020-02-27,Electronics,172.75,0
5e00ea6d-ca24-4e4d-9667-2017555a4085,David Ruiz,69.0,36129.73,2023-03-02,Electronics,355.71,1
c787ddfb-5697-417c-97fd-3736b7ef941c,Sara Roberts,33.0,73813.43,2021-12-25,Clothing,431.07,1
4505f4f6-0a8c-46c7-8921-5f4f9edb95f2,Nathan Beck,31.0,,2021-02-24,Home & Kitchen,59.09,0
955d0e77-fb5e-4866-a640-211e29f2c3c7,Sherry Davis,61.0,44978.57,2024-02-05,Sports,,0
fd42f697-6511-4656-9c64-60364a1eb1b7,Jon Salazar,55.0,88799.55,2020-07-02,Sports,158.52,1
1d69d9fc-4b1c-48bd-a130-260c8c69778f,Crystal Taylor,70.0,40371.13,2020-02-20,Books,312.91,0
ef0a81ed-3d5d-40bc-bb03-78eb7a62722e,Cynthia Smith,44.0,47515.23,2022-08-10,Electronics,460.6,1
db66bfda-2df9-4747-8ed1-35530c5a876f,Joseph Schultz,55.0,76998.43,2021-06-22,Sports,168.56,0
4d7bd307-1224-41e6-ba89-82dd85e69ea9,Brianna Romero,35.0,,2021-05-26,Books,4999.3,1
4c9a0ae1-5419-4efc-95e7-3e3f673617d9,Nathaniel Ward,46.0,94734.68,2022-06-14,Books,68.12,0
8f928dc5-1972-4ce3-9bd0-94486a2b3200,Cheryl Vang,49.0,25787.02,2022-07-20,Home & Kitchen,322.28,0
564ae909-7958-4e69-bb2e-1b82e89dc815,Jessica Swanson,60.0,56874.48,2019-08-08,Books,,1
cff4c56b-f9ea-4c64-8c41-7e7cd741d609,Andrew Alexander,59.0,77968.39,2019-12-30,Electronics,381.78,1
1db2b452-7aa5-4a18-9fd3-c01757f98d1e,Matthew Rose,62.0,23797.48,2019-09-28,Electronics,456.5,0
09aedbd0-6d31-4b4a-bf6b-8793b318ad4c,Katherine Moore,68.0,84720.21,2019-09-03,Books,223.5,0
afe6790a-bc18-440b-95c7-ed9d4d4985dc,Kenneth Baker,,98311.47,2020-07-24,Sports,,0
2aa36cf7-eb70-4a65-a7d9-9a23e4f7625e,Todd Taylor,23.0,56840.93,2024-01-22,Clothing,180.25,1
ce5dc807-6025-4199-9082-3edaa0722aa0,Kimberly Giles,,29449.89,2019-11-20,Clothing,,1
16408169-a38d-4afc-bdd2-ed7af97ccc57,Elizabeth Harrison,57.0,26518.16,2020-06-21,Electronics,208.02,0
32b2c492-15ac-47a1-8eca-2ee310da8a95,Jacob Mcintosh,25.0,27898.43,2022-05-22,Electronics,294.12,1
62830869-0fa7-4e05-b897-4df5bff773ce,David Williams,49.0,81235.31,2021-05-25,Books,493.29,1
8e751eb7-64d0-4913-991b-8adf0202861c,Melinda Lawrence,55.0,53121.03,2022-11-01,Clothing,281.03,0
eb8f2056-72d3-4c5d-8a31-b24384dd6da6,David Willis,58.0,93538.73,2020-07-16,Electronics,229.15,0
b6e355f6-95bb-440d-89cd-4af97d161f29,Rebecca Martin,39.0,55251.18,2022-12-14,Home & Kitchen,,0
156af458-6c4c-4935-b79d-eda1ade6c5e9,Meghan Perkins,30.0,26171.46,2019-11-17,Home & Kitchen,475.06,1
ffc573d5-fd0b-470e-b85a-f4635e4af862,Kelly Blevins,33.0,54154.85,2021-04-09,Books,264.83,0
2aa50f4e-c6f0-4933-95d1-805142cb6d1d,Lori Smith,19.0,80386.23,2021-08-22,Electronics,351.89,1
1d7173e5-5bc7-4deb-b123-4efe6e648043,Kyle Wang,64.0,86347.07,2022-07-30,Home & Kitchen,329.02,1
da54f267-dd13-4266-926d-53961058fe8c,Mark Moore,35.0,23148.13,2019-08-05,Home & Kitchen,122.53,1
869bdbd2-e72b-45b7-8712-0911b3b68b57,Samantha Oliver,,34431.15,2019-08-31,Home & Kitchen,320.35,1
33a1d1c2-ad4a-4155-809f-cd8f739cd488,Douglas Adams,63.0,59201.08,2020-01-30,Sports,52.83,0
41a8a6e1-65e0-4993-bf41-1fed1e70e799,Richard Lane,32.0,30246.84,2022-07-07,Clothing,33.36,0
ff3e0ba1-0ac7-48b4-a418-65bf350d278d,Michelle Thomas DVM,41.0,89687.41,2021-09-14,Sports,421.25,1
9f982188-3744-4a64-8c24-9558f2ad985f,Gary Walsh,68.0,94756.87,2022-12-21,Sports,302.39,1
755a3ac1-32ae-4a20-9ac9-02ee25777cf0,Alex Phillips,28.0,45567.76,2021-09-28,Electronics,154.18,0
d3b564b0-8be0-4c3e-9c94-938160c6b3ed,Ricardo Watkins,39.0,54787.49,2019-07-17,Home & Kitchen,265.79,0
98a33736-fd1a-47ce-9ad0-a6f226bdd974,Shane Lewis,45.0,64564.33,2020-09-24,Sports,281.16,1
905c053b-25fd-4cbe-bce7-1b48fba52e59,Shaun Hubbard,70.0,42840.46,2024-03-01,Sports,340.5,1
6c596216-ae0f-4bc8-a36b-cb0167e98363,Joseph Krause,21.0,63286.06,2023-09-02,Electronics,5.07,1
ade7cef3-7ed2-4c2f-856f-3d95e0ae1a1b,Michelle Rios,24.0,,2023-04-06,Clothing,76.5,1
d5627386-528c-4241-a345-ac72eac39204,Tammy Evans MD,68.0,43731.3,2021-01-31,Books,51.12,1
a2939b3b-7fa7-4d8a-bf88-ec827f99d273,Cynthia Holland,27.0,55342.69,2023-02-11,Electronics,377.78,1
8af58903-33b5-43ce-9fec-4623ab899605,Elizabeth Richardson,62.0,68373.59,2020-11-20,Home & Kitchen,228.91,0
027c013f-3801-4399-ae6a-8e2f9c19ed34,James Schneider,32.0,62893.2,2019-09-02,Home & Kitchen,103.21,1
bf3df0bb-f66a-4168-b4a1-ca795718ada2,Ricardo Mitchell,20.0,40879.04,2021-06-17,Clothing,190.37,0
52631db9-d170-44ce-9179-7350e6256403,Jessica Carr,70.0,38543.03,2022-12-20,Home & Kitchen,336.38,1
dfde2281-25fb-4f3d-866d-7002091472ad,Kelly Martin,54.0,,2020-09-21,Electronics,,0
27e969e2-c8bf-43fb-9a43-1f7a41c30359,Brian Cruz,58.0,82679.49,2024-06-12,Sports,,1
4b5ca436-953c-478e-a106-7a8cd7a3283c,John Ruiz,52.0,27912.06,2021-01-31,Sports,469.08,0
786e30ef-ce9b-4e70-b4d4-dfccb7d779cc,Brandi Jimenez,56.0,78630.8,2022-08-18,Books,203.16,0
843b2a7d-15ab-4c21-8cc9-3ff710fce97d,Carolyn Smith,61.0,,2020-01-12,Electronics,,0
10fc9eee-0a17-47f7-aa5f-24b6de6fec4b,Michael Valencia,22.0,42764.56,2019-12-12,Home & Kitchen,58.03,1
4cea2df0-0a66-4c4e-a168-1081399f8a8f,Andre Collins,19.0,78886.67,2023-07-06,Sports,363.74,0
72d6bc20-d80d-4a1c-8247-2fd603e9ba02,Tami Rivera,25.0,72769.66,2022-06-30,Electronics,159.67,1
ccf719ab-2922-4bd8-9ca5-b35354a1d505,Bethany Davidson,58.0,79353.72,2020-01-14,Sports,61.94,0
75f2bc20-a7f5-495c-9e62-d43f261908b9,Philip Barr,,,2021-06-18,Electronics,390.2,1
61d9fe39-8147-48f4-9f0e-f320f7f60e7f,Michael Gomez,56.0,88727.67,2022-08-24,Sports,,1
089b30a0-809f-4923-87a1-798fe6addd9e,Jennifer Silva,54.0,29743.51,2023-07-11,Clothing,55.67,0
cb4d18d6-adb6-4a35-9734-a26c92e94e89,Ms. Jodi Davis,25.0,,2021-09-11,Books,310.17,0
99a2ecb1-c202-487b-849b-8a44ce1bb02a,Kelly Haynes,43.0,,2021-10-18,Electronics,,1
6d265dd8-bf39-4fbb-938c-3460fd938adc,Cynthia Walsh,,78982.67,2023-11-20,Sports,126.69,1
4a276dda-34c3-494a-812e-a9b8e7e13ed8,Anthony Randall,41.0,48712.37,2022-06-12,Clothing,,1
6af79ad2-993e-48c6-a6b1-06e289110af0,Elizabeth Rose,25.0,73990.57,2023-05-13,Home & Kitchen,343.59,0
d872298c-7b72-490b-b8f8-f071d360da69,Megan Smith,20.0,76278.71,2022-04-01,Electronics,225.06,0
9b8086da-6379-4035-b8e4-5086ca819c6f,Brandon Mullins,56.0,72848.68,2022-12-19,Sports,87.03,0
dd620222-d9ef-428b-bbcb-50b3961d8dcf,Craig Brooks,19.0,,2023-07-17,Clothing,132.63,0
e2a01335-a830-43ab-853e-4b42cc4da021,Julia Gardner,30.0,86543.99,2023-09-04,Clothing,415.59,0
4d6cd782-2e95-43ea-bda1-7da2000fc63d,Jennifer Garcia,29.0,39210.89,2020-06-04,Clothing,88.06,0
552ae5ca-4124-405b-91fc-fe8881c16e98,Nathaniel Edwards,63.0,61452.26,2023-01-11,Books,353.79,1
4312ece2-dc21-41e1-be56-ac3d10cc8711,Richard Oneal,25.0,,2023-01-27,Clothing,287.62,1
c5c14262-4d84-4ec5-9334-886ff164f9d8,Luis Yang,48.0,38688.25,2021-09-02,Sports,282.56,1
6238d0a0-cf5e-4ea3-a258-4ab368777bab,Russell Sutton,31.0,70280.94,2021-01-08,Books,13.08,0
ef7e85ec-a417-456f-a9ee-7f3d0ff030b8,Christopher Scott,64.0,42946.48,2020-07-15,Home & Kitchen,65.74,1
babd4745-497e-4f1a-bd2b-f042209818d1,Carol Bush,69.0,33710.59,2024-03-18,Clothing,158.35,0
f11ddff7-0e37-4526-9582-a3bdd476fe38,Kristina Smith,21.0,84779.91,2022-12-07,Home & Kitchen,317.01,0
2412579d-6af9-44e0-bb38-785b0932f5b6,Eric Mccoy,61.0,64249.82,2024-02-13,Home & Kitchen,193.81,1
9a1a7d6f-dd02-4100-a3d4-84087de8a234,David Reyes,19.0,,2022-09-13,Sports,131.96,0
b2ddc481-ac6d-4df8-94e5-064cb799ae8e,Kristopher Castro,52.0,66834.48,2021-01-19,Clothing,195.0,0
5a4f4145-fc98-4279-8f6f-111c26c06e67,Jeffery Drake,,22022.91,2023-06-02,Clothing,234.24,1
775e0ec3-9c9d-43f3-8901-8aee69407be7,Tracy Morrison,,30385.83,2023-11-01,Books,299.32,0
19faa06e-0c0a-4967-b579-501a62fda854,Jose Kennedy,24.0,51646.47,2023-08-02,Home & Kitchen,282.07,0
052daad3-26c0-4984-8734-bb05788c31f6,Nancy Gilmore,34.0,98060.53,2022-03-24,Clothing,187.17,1
21f8c156-9e0d-445b-992a-34a1084fa819,Dawn Nelson,22.0,60837.96,2022-01-01,Home & Kitchen,215.6,0
b3386c3e-1af4-487f-92eb-dac5a1457899,Shawn Mccullough,32.0,26116.5,2023-08-09,Sports,404.09,0
31e9ca80-58bf-4b9e-a624-5b598c94af98,Alexander Wells,22.0,81203.25,2023-01-14,Electronics,296.56,0
c707aef9-c6c3-444c-888e-03b662276cbc,Michele Lowe,59.0,82515.51,2019-12-03,Electronics,,1
0f66b32d-e19b-4837-9c6a-4b5e7d859725,Brian Daniel,37.0,81984.17,2023-04-20,Home & Kitchen,303.22,1
9d44c93e-7799-48e2-b368-c5539c30ceaa,Catherine Velasquez,40.0,65559.84,2023-08-06,Home & Kitchen,145.23,1
a6855857-567e-4862-af15-1673a1df3da7,Lindsay Arnold,45.0,75655.9,2022-01-11,Home & Kitchen,258.99,1
b6af98b2-aeba-42d0-b830-32491fd3af07,Jason Owens,29.0,37076.63,2020-08-12,Electronics,239.09,0
d960af85-c9df-4e44-8bdf-fa7d9f3dd894,Jessica Smith,21.0,78604.85,2021-10-08,Electronics,427.2,0
633cbf79-e96a-41af-b55e-3aa2208a393e,Andrea Braun,50.0,85293.92,2021-12-28,Sports,370.06,0
beebb4ea-eab9-421b-8b36-b545cca1a034,Michelle Steele,47.0,80797.32,2023-08-20,Electronics,440.89,1
fbbff9e0-ae56-402a-b521-ca9fdf5e6f78,Jennifer Ramirez,20.0,,2021-12-25,Home & Kitchen,360.33,1
dc45488d-84dd-49b9-9f1e-0ee9cf6c9992,Alexander Woods,56.0,,2023-10-30,Electronics,130.37,1
09c67417-306a-4871-beef-71cbc915d113,Nancy Smith,24.0,70319.15,2021-08-17,Clothing,140.04,0
5f1ff97c-71cf-4814-a45b-d776c838a145,Sandra Camacho,62.0,92064.79,2020-05-23,Home & Kitchen,,1
5b471c43-7499-428c-b0c3-2323c1b199c4,Jennifer Padilla,43.0,,2021-07-21,Clothing,440.13,1
f4dd05d5-1349-447a-a1cb-a182ca20854d,Amy Williams,30.0,86714.7,2023-07-03,Sports,450.54,0
0a3c2c6f-ef2d-4a38-a6e4-b8df0b6d9611,Mason James,34.0,62114.84,2022-07-21,Sports,165.16,1
06d2ed7c-e6ac-4d8a-8160-ff927c7550f2,Pam Wise,40.0,48689.13,2024-01-27,Home & Kitchen,16.5,0
91bacf80-aaa0-4996-8522-dc4ef1dd50bf,Wesley Spencer,64.0,56448.23,2023-01-19,Books,,0
3acaaf82-374a-4cc9-a039-7e67926146de,Madison Nunez,48.0,,2022-12-27,Electronics,395.25,0
e27ac8e9-d1c3-41bc-86be-643217ee0eb0,Michael Reynolds,54.0,,2024-02-15,Books,352.96,1
809e2109-c786-4a38-a09f-1aede38690e7,Michelle Dickson,28.0,72221.07,2023-02-06,Sports,,1
81d1bf06-6b8c-46f2-8611-f583b2d10e3d,Sandra Willis DDS,62.0,72867.94,2022-03-24,Sports,15.4,1
254bf7ae-1d0a-4994-b20b-575d4e28e674,Jacob Barnes,61.0,59575.92,2023-11-03,Books,55.45,1
6c0be55c-90e6-49e1-a44f-c3a96d0c62c3,Maria Jackson,31.0,96266.07,2024-02-09,Electronics,365.96,1
1ad1daaa-ef8d-4ff0-9583-1feeec41e6f6,Jeffrey Alexander,67.0,58473.21,2024-02-20,Electronics,410.18,0
6a480542-1965-4435-901b-b5fa6a677623,Darrell Rivera,21.0,45115.49,2020-08-20,Sports,95.2,1
f45da406-bbf9-4b01-a7f9-e728c618fc1e,Mario Moore,68.0,87822.47,2022-01-01,Books,409.11,1
6e5bac20-725c-4675-8a95-71e407dc02b1,Kathleen Jones,61.0,40732.66,2022-09-12,Home & Kitchen,475.88,0
7f22cd12-07b6-408e-aac1-ca75afb918c8,Tony Johnson,28.0,68344.48,2019-10-03,Clothing,302.81,1
53125ffd-f655-460b-9d32-e231eb561699,Cassidy Pena,28.0,,2021-07-28,Home & Kitchen,278.1,1
5a3da367-141b-4a1b-80a9-78bfb8f8903b,Dr. Jessica Reynolds,39.0,85735.7,2022-07-12,Clothing,,1
b1182d23-5bf8-4676-9f12-a0e912011caa,Jeremiah Rubio,51.0,,2023-09-17,Books,209.9,1
2d8b5b41-590e-43da-986f-1721078548d7,John Huang,34.0,50727.39,2019-09-18,Home & Kitchen,,0
3b019fcb-f96d-4403-948c-93f3028d042b,Bruce Briggs,25.0,,2021-02-09,Electronics,476.96,0
98ba0f0e-120d-4126-9da5-3b38d1aa6c5e,Robert Turner,56.0,23063.03,2021-01-30,Electronics,223.23,1
00d3d1af-353e-4c86-a4ae-ba79e4b82987,Robert Rivera,,78116.83,2020-04-27,Electronics,10.9,1
bb6b0095-ac7b-4ab2-a8b5-6f85346d2b7e,Anthony Curtis,,,2021-02-17,Home & Kitchen,285.71,1
bf7b68ae-1f89-41b6-a6a1-a40bf031f4b9,Colleen Fitzpatrick,29.0,47453.23,2024-06-18,Electronics,38.72,0
b080e003-5e7f-403c-8b13-47f601d6d903,Kimberly Harris,18.0,55295.61,2021-12-16,Home & Kitchen,496.05,0
3b9cea95-9ad7-458f-aecb-325b064f768d,Jessica Williams,48.0,78063.84,2019-11-14,Home & Kitchen,331.55,1
743c7e9d-2fde-4035-a452-bc39dbf2eed1,Jackie Phillips,61.0,72626.5,2023-06-08,Sports,,0
b51d70d8-582d-4972-ba08-9ca81cc5a8a0,Andrew Williams,,40808.53,2024-06-08,Home & Kitchen,348.28,1
0726d44a-2152-43c7-821a-a15ef58c43ce,Shawna Harrison,54.0,73726.79,2024-02-11,Electronics,470.79,0
55c36c3d-5cbb-4080-b547-5c5ef76dce6e,Charles Meza,50.0,44392.19,2022-07-22,Clothing,,0
4bdd5f99-4ae9-4e11-b5fe-0213792ecd75,Rebecca Jones,37.0,48508.63,2021-07-08,Sports,143.08,0
8d9ecfb9-f549-4e22-a0df-7f74efe78b60,Richard Wilson,59.0,63161.06,2023-08-12,Clothing,43.96,0
97d01e70-2f1d-4bef-93b5-3b92a2cb5f38,Taylor Reynolds,40.0,78585.11,2022-05-16,Home & Kitchen,16.3,1
88819f42-1a42-4629-94af-e646fe3216bd,Mitchell Griffin,42.0,999905.2000000001,2020-05-24,Sports,241.2,0
606821d6-280a-47ee-8ec9-85ff94b28b9d,Stacy Fernandez,60.0,21758.98,2022-10-29,Electronics,373.13,1
200f7753-f217-4aac-a59c-ff81e5ce0ca6,Jaime Atkinson,34.0,70226.4,2021-11-18,Books,370.92,0
82221345-50de-4292-b90a-9016cdec85da,Angela Hunter,27.0,21965.17,2022-12-31,Books,6.42,0
2f16fb50-c13e-46af-bc95-90d33e2aad3e,Shawn Wright,,,2020-07-14,Home & Kitchen,310.25,0
a9c72e7b-6b77-4df1-9f59-aa2c4a82e06a,Wendy Kemp,62.0,,2020-12-15,Sports,416.73,1
99e8c828-21da-432c-9c68-d4fd0bd7696f,Erica Hale,18.0,,2021-01-10,Clothing,434.14,1
b3c161c3-13f2-437c-a4d0-27590542bd75,Susan Allen,47.0,25323.61,2020-12-15,Home & Kitchen,385.96,1
4ca49aaf-6b94-4e09-a1cc-14b312bdf75f,Brittany Sullivan,65.0,24992.46,2023-01-09,Home & Kitchen,,0
ed28508d-bdaa-4bfa-aab0-15638cffbbb1,Helen Campbell,23.0,97767.46,2021-04-05,Sports,353.46,0
4c4b91fe-6c14-4fc6-9750-ca7e246cb09c,James Smith,39.0,53812.23,2022-10-31,Books,352.26,1
3f80c31f-15a5-412c-9ac4-b6c7a31034dd,Patrick Schwartz,65.0,91394.31,2019-07-31,Books,36.78,1
a3155940-5e87-405a-a1fd-cdf171df24d9,Breanna Wilson,20.0,37321.94,2019-08-18,Electronics,24.25,1
605dd4d6-0ecf-495b-877a-2133f2ed33e1,John Martinez DVM,52.0,,2021-11-05,Books,176.34,0
f642c8f3-6acf-49eb-8228-4fd9689bba65,Shelby Jackson,35.0,48642.81,2024-02-02,Home & Kitchen,323.46,0
70f8dd99-5217-4eb7-a6b9-20daba6a098f,Robin Morris,,34154.84,2019-09-27,Clothing,,1
f3cc9d8a-4b16-48e4-9f20-f4063438b4e4,Mrs. Rebecca Thomas,33.0,46305.05,2019-12-07,Sports,324.27,0
2f7a304f-f344-4911-974f-7a54788c161e,Collin Wilson,66.0,98943.67,2024-07-03,Electronics,381.95,0
1cb66f67-46e7-45ad-9bce-35d8cbe88a3f,Dana Lloyd,48.0,79784.72,2021-01-22,Clothing,386.83,0
27649a62-b02d-452c-9b05-0db28ee4fd02,Tina Hampton,40.0,50613.46,2019-11-16,Books,145.18,0
eda2fc4c-7237-4420-b3dd-77e1cbb02fe9,Kristin Johnson MD,57.0,52742.75,2019-10-26,Books,486.01,0
6bf4d047-c484-4a8d-af75-1bde66163e5b,Vincent Fisher,36.0,41099.27,2019-11-27,Electronics,279.13,0
f5a3e893-3f7a-4748-acbb-93c26e84f8ea,Robert Gillespie,61.0,62506.93,2020-08-16,Clothing,315.81,1
85fa2d5c-efe6-471b-9723-a95974151acc,William Sharp,40.0,78850.95,2022-06-12,Electronics,319.43,0
a1ab17c0-7662-49cc-9af9-5c78247f4d97,Mariah Smith DDS,55.0,74931.73,2019-09-05,Home & Kitchen,338.31,0
c149fa8e-7bb8-42f1-9624-d318a32652e8,William Frederick,58.0,57011.99,2023-09-15,Electronics,81.23,0
d4864482-0078-4b12-8b73-50d13421beaf,Michelle King,57.0,23355.12,2024-03-19,Clothing,338.92,1
764657ca-9e65-436c-b2f7-74b1b2f11ef9,Samantha Walters,26.0,93720.62,2021-03-04,Clothing,218.61,1
1d4d1180-4c6e-4fbb-b7fe-f6b501fda698,Curtis Bradley,63.0,52714.7,2023-08-28,Books,484.5,1
4d18c103-a100-4d14-ba92-cd28c4c536fb,Jennifer Li,,51223.91,2022-07-19,Electronics,358.5,1
6c98f73d-27fe-4b4b-9bf1-f1d18b92c247,Deanna Johnson,42.0,20248.81,2019-08-16,Home & Kitchen,487.13,1
17b18e6e-78af-458e-8058-a332b4cfafa8,Erin Wu,,31058.18,2023-08-25,Sports,495.57,1
f5feba5e-c295-4f51-bf67-ee1aad9d1f42,Joshua Gonzalez,,89508.27,2024-05-19,Books,417.83,0
67c21355-c312-4af6-8b32-992a3b7c1f9a,Maria Mullins,59.0,61114.77,2023-03-05,Electronics,,0
0588d91d-fbe8-4a8e-a1cf-0d1d47b3df41,Jordan Payne,23.0,78594.79,2023-02-23,Sports,,0
ab2212c9-e23b-480e-8523-dbbb1eeed219,Manuel Cook,18.0,31853.43,2021-07-11,Clothing,237.49,0
65ff6adc-41ae-43f7-8010-98240a614be3,Holly Wise,56.0,46404.08,2023-10-13,Books,187.99,0
b5c03f6f-94e4-4c44-a3fb-dbda86ae9d5c,Jack Castillo,30.0,87210.92,2019-08-20,Home & Kitchen,212.28,0
bf1df687-1a1e-4042-b1d0-4b0f656fa7e6,Miranda Gross,62.0,85652.68,2021-04-14,Home & Kitchen,457.18,0
df0d6301-488c-4c4e-9a94-14b840aaec7a,Stephanie Hardy,39.0,39743.54,2023-08-26,Books,324.92,0
322f1499-e8a5-4f31-ac2c-10d0c15648ff,Tammie Duran,28.0,21758.02,2020-05-10,Books,89.11,0
120961ea-0913-4087-95d3-8ca9986cc8d5,Sean Lopez,33.0,84517.36,2020-06-15,Books,23.44,0
889c8ae2-4e3c-4f2d-8332-559dcad00273,Jennifer Long,32.0,33507.52,2019-10-08,Electronics,222.38,1
dc0520a4-87ba-4b90-9e41-5c4e57030ede,Jeffrey Key,58.0,83014.51,2019-08-26,Clothing,223.23,1
c31277fd-eb83-4f16-a404-d8083fc18c00,Nancy Day,46.0,74692.74,2023-12-10,Sports,,1
dc66a27b-6a32-4333-916e-8a6429deb984,Arthur Cantu,42.0,33465.18,2023-05-11,Home & Kitchen,117.24,1
22696227-8513-491e-8862-2a674a294067,April Bartlett,,26279.09,2022-03-23,Clothing,169.04,0
35d4cd35-a08c-4a00-85e7-425092f078b8,Annette Moore,61.0,94211.95,2023-09-24,Clothing,,1
f4a5cc36-692a-4bce-9af5-5c2688083ebc,David Orr,54.0,67830.27,2020-04-06,Clothing,,0
bdce29ef-6746-40eb-8b27-9c29a274c0d7,Joshua Coleman,44.0,69640.81,2024-06-06,Clothing,82.22,0
47534952-c9c5-4ef1-a76f-8a76c74f11cd,David Edwards,20.0,56600.94,2023-02-12,Home & Kitchen,411.78,1
9177b6d4-5f2e-4167-b13e-ceb14ad12b4c,Dustin Franklin,43.0,,2023-08-07,Clothing,251.07,1
1f9078d5-2835-4cdb-a347-b24fa0f9c074,Timothy Palmer,62.0,68157.59,2020-10-16,Clothing,39.22,1
66b62087-61a5-4fdd-9eda-4209b270af55,Jennifer Simon,54.0,40197.83,2019-08-08,Sports,54.3,0
8f42cebe-23b8-40f3-b7cb-1a27974fdedc,Miranda Sanford,44.0,84471.57,2022-07-26,Home & Kitchen,471.87,1
a1d20ebc-5aa3-492a-8c88-b9d8ab12fb53,Bradley Yates,,78617.52,2023-04-04,Sports,,0
37cf8025-6a44-4a90-be0a-5a5679009c61,Allison Vasquez,60.0,22181.37,2024-02-23,Electronics,326.25,1
8066b49b-b1d7-42a0-bd25-cefb7a0a02ba,Tiffany Bailey,63.0,94593.84,2020-04-01,Clothing,93.6,1
f55b2e5c-a6ed-4ac0-be22-e1b751783032,Jeremy Manning,20.0,22905.28,2020-08-16,Clothing,328.83,1
248f4a25-4cd8-4f24-b1a8-c9c60f6ab75b,Karen Lopez,28.0,27169.55,2022-07-28,Books,493.86,0
e32866d3-0d6a-48b0-beda-9ab9bec60ffe,Allison Kelly,46.0,43418.76,2023-07-31,Clothing,,1
5afb9565-068a-4c38-b739-076a9f032cdc,Austin Davis,22.0,32064.72,2020-12-27,Clothing,,1
fe2d9d1d-e377-4008-a416-59c078b61daf,Jody Anderson,34.0,38891.61,2021-06-17,Sports,,1
fa999f9b-86de-4365-98a2-30de02969326,Emily Alexander,62.0,48464.76,2022-12-27,Clothing,148.27,1
14d4dad6-ddfa-4808-afd8-643211035083,Brittany Patton,28.0,78839.98,2019-11-23,Sports,223.0,1
ecb3d561-bdf0-4015-b305-ee95afb120f4,Katherine Fletcher,46.0,52376.91,2021-11-20,Clothing,479.17,0
5c7cbc62-01a4-47a1-a526-4961ab4414ae,Wendy Rowe,51.0,41587.18,2020-11-04,Clothing,23.74,1
00f520f4-9ef1-4846-9dbc-24fd0a8aa1e4,Jorge Long,49.0,59385.05,2019-09-03,Sports,242.02,1
a3ef802e-df86-43ce-8534-32cdffeb5d5f,Stephanie Davis,,51407.46,2021-05-02,Home & Kitchen,448.38,0
e695f8ba-ba23-48fe-8ae3-02f3b31e9be8,Kathy Thomas,56.0,44861.14,2020-12-29,Electronics,,1
92a651d7-c069-4542-a403-97213a082921,Cheyenne Johnson,66.0,,2023-12-24,Books,62.78,1
6f1bdd07-1aff-41ae-b0f2-c48549b564fb,Kenneth Williams,18.0,64035.88,2022-05-01,Clothing,408.31,0
62565a95-5487-45c3-b762-6f4975fd3537,Kristine Hart,20.0,98186.2,2020-09-02,Electronics,145.0,0
a5e3a719-6bf5-4dfd-94a8-762b2b12c92c,Howard Anderson,49.0,81832.99,2021-01-14,Books,399.98,1
25e4979d-6f6d-4f79-affe-2554e5aef699,Jacob Rivera,38.0,65639.94,2022-02-16,Clothing,154.39,0
25c29b6a-b575-4c6e-aee8-4bcb7281b8a9,Lori Rodriguez,37.0,,2024-06-13,Books,20.99,0
35783f66-2114-42d6-90ea-1324862f78e1,Whitney Diaz,47.0,74947.49,2020-11-15,Sports,410.82,0
596305b3-71b2-41e4-afd3-b9f2e90f79f8,Mary Alvarez,,,2021-05-24,Books,169.25,0
6d62e40c-638d-421a-bbc5-9e92ca1209ad,Daniel Butler,69.0,77711.02,2020-01-24,Clothing,233.35,0
bad3116b-63b8-4897-bdf0-fe6bce8d75f2,John Caldwell,70.0,52302.3,2019-11-21,Books,,1
707421d4-3239-404b-8bab-5b51385c5fdc,Brianna Pacheco,69.0,59680.4,2020-06-28,Sports,327.16,1
b5c25d42-9626-48c4-b44a-f454f0a61c5e,Lori Lee,44.0,21654.7,2022-10-02,Sports,415.33,0
0884fd16-636a-4f8c-a7e3-f52c0cbf404d,Chad Morris,30.0,79196.68,2022-12-05,Books,113.78,0
defa7864-15ac-45c3-a217-cf253be95767,Robert Cooper,53.0,22741.88,2023-08-16,Electronics,466.94,1
be3feafd-0e96-4d9b-9d15-8e442fcf3b87,William Bush,58.0,74458.03,2023-08-22,Clothing,318.63,0
3baa17f9-2c62-4ac3-ad70-27cfa358cb1d,Kathleen Davis,23.0,66560.3,2020-11-15,Electronics,276.36,1
162d5c72-9ccd-4e1f-8c2a-bdaa9c5c11eb,Jill Stewart,,82073.41,2021-05-12,Sports,106.9,1
c061c99b-831a-452a-9e6c-8762b475e15e,Eugene Nelson,26.0,43182.21,2024-03-25,Electronics,438.65,1
e2091f49-e0a1-4d2b-857c-799848d002be,Micheal Wilson,18.0,74888.87,2022-02-15,Electronics,214.85,0
0dcf035b-7552-46e8-a953-a1155a62ddc4,Peter Collins,43.0,36567.84,2022-09-26,Electronics,26.12,1
aa66b464-8420-48d9-b261-d0d2a1c2d9bf,Sharon Lopez,61.0,62341.76,2023-01-06,Clothing,463.26,1
8c141838-f468-40a2-a604-e5aff4db1c1e,Margaret Jackson,44.0,47222.43,2024-02-14,Books,,1
6e3c18c9-ef1f-40a3-bc02-ba67ee04bdde,Karen Allen,38.0,98276.36,2021-07-22,Books,150.82,1
413770e2-7d7d-41f5-b460-d20d94b9cdb5,Stephanie Mosley,18.0,97749.32,2023-05-20,Home & Kitchen,33.71,1
56525ce0-3725-4d0c-b9c4-5c38b440ffe0,James Davis,31.0,36717.58,2021-09-23,Books,21.38,0
0d742256-0b36-43cd-8acf-eba4441030ae,Matthew Mann,18.0,65283.06,2021-03-19,Home & Kitchen,26.34,1
4a30f7cd-00fd-4c23-998c-a3b429b10823,Brian Chen,63.0,46355.41,2023-03-11,Books,,0
104dff66-23f1-467e-81d3-4690a795ac54,Lisa Davis,66.0,97483.05,2022-07-29,Home & Kitchen,434.6,1
38dfe76b-ae35-4290-ad80-ab08c963d148,Kevin Robinson,18.0,93962.08,2021-01-20,Electronics,,0
8ec9ea98-6581-4934-9bcf-b1c4f87e3560,Elizabeth Mckenzie,70.0,,2022-06-11,Clothing,45.22,0
315e8080-7425-44e9-b891-aef5ebe0572c,Kiara Park,61.0,77606.76,2020-01-12,Sports,73.93,1
9b3a0c89-1a32-4148-9bba-c83856e9b78d,Lori Lucas,51.0,74505.98,2024-01-30,Clothing,474.02,1
51abf5e5-cb77-4e24-95eb-3a3de2014a45,Steven Thompson,57.0,48268.45,2019-08-30,Clothing,282.55,1
e4bacd78-74ab-49fc-8930-d17952ab793f,Nathaniel Lewis,24.0,93308.93,2019-11-11,Electronics,398.82,1
85a1282a-0761-485b-8168-705a533c9a31,Stephanie Howard,30.0,91956.28,2022-12-26,Electronics,43.03,1
14827a89-5e63-44c6-b0ac-79dd0b5aafef,Sheila Hopkins,25.0,46452.68,2023-06-07,Sports,37.33,0
5882e3bb-8646-46c1-9eb4-e6c435a7c6ed,Jose Robles,,79791.59,2024-03-05,Electronics,389.68,0
4053b188-339d-48f5-9658-b1b33012ae1c,Mrs. Amy Bailey DDS,59.0,20727.37,2021-08-14,Books,62.33,1
4d236555-bc50-44ac-baa1-72acac33f644,Ana Moon,30.0,,2024-03-17,Clothing,411.25,1
6279d944-dc28-47c6-8453-98134fee7144,Brett Walton,37.0,65189.55,2022-01-06,Books,467.55,1
df39ccaa-580c-49fc-bb69-e69041300879,Cesar Young,35.0,96184.54,2019-12-17,Clothing,219.25,1
4e49df56-0b64-4acd-bd6e-2667b6651d6e,Mary Dalton,62.0,49055.45,2020-12-25,Sports,61.99,0
025b7c5f-1284-49d7-8d4e-2753ef26a5b7,Marcia Olson,29.0,70057.05,2021-12-25,Sports,360.22,0
702dc88a-b97f-43bb-becc-040c75ff93f0,Mary Nelson,,,2023-11-29,Home & Kitchen,225.61,0
6980b561-cf1a-4cc1-aaca-38110c26e5d9,Marcus Howell,48.0,82622.83,2019-10-21,Electronics,,0
70aaf525-75e4-47dd-be5b-637dfa98c115,Craig Kelley,43.0,68056.24,2022-03-20,Sports,444.55,1
3dbba3af-14db-4d22-95ea-e9d21e3d59d0,Emily Thompson,58.0,98997.68,2022-04-03,Clothing,272.23,1
275f275c-c3f3-474d-9386-1b58194665d3,Joseph Rice,23.0,,2023-11-01,Home & Kitchen,73.41,1
36a5be06-eb52-4e01-a25e-651269fcbef0,Kimberly Hopkins,19.0,31260.7,2021-05-11,Home & Kitchen,,1
d16903f2-13bf-49fe-9cdd-9f6c70cdc4a8,Emily Flynn,35.0,23488.11,2021-11-16,Home & Kitchen,425.58,0
e2f88051-c13c-4688-8f1b-5be16d4ba69c,Gary Snyder,46.0,,2022-10-30,Home & Kitchen,258.17,1
f57b8a92-0a12-43b3-a4fc-0dbad44f85e7,Nancy Johnson,69.0,94350.82,2020-08-20,Sports,44.97,1
38553ac8-7d71-4591-bfee-2fc72e2dffdf,Renee Smith,68.0,95888.66,2022-09-07,Home & Kitchen,255.74,0
476c4878-deff-4d7a-9728-525620ca35ab,Alicia Taylor,25.0,58433.0,2021-10-02,Clothing,,1
fea2a33a-51d1-4bcd-9a23-754bef38d426,Amy Solomon,,95735.15,2020-09-15,Electronics,440.26,1
e64ddd91-8e9b-485e-9b77-0deb6f51ea78,Pamela Leonard,26.0,85471.01,2020-10-02,Books,127.82,0
c9fe6036-8a83-4fc8-9c2e-55624916e844,Monique Jacobson,59.0,82289.42,2022-06-20,Clothing,365.94,1
c707e77b-4bf0-4e53-b608-8c973380dcfc,James Banks,,79782.56,2022-11-23,Sports,497.35,1
764ab510-9acb-4588-8397-d4127118bb71,Meghan Richardson,70.0,35012.37,2020-12-03,Books,448.7,1
45c596d4-42d0-4ba3-a265-2c9e89421c6d,James Williams,59.0,63910.18,2021-06-08,Home & Kitchen,266.67,1
9d683a9e-1e65-4ac1-843d-2c473b56735e,Laura Blackwell,59.0,53910.34,2024-05-02,Books,165.45,0
2c2df3c2-1951-4f87-b63f-83c6c89309e9,Jennifer Rowe,40.0,,2021-03-26,Home & Kitchen,350.88,1
37d316a4-3faf-4217-aa27-241fbb9e5a02,Mark Velazquez,25.0,33906.68,2022-06-18,Books,275.57,0
ff4533fe-bc6f-46ac-a139-d15d48d8b9ef,Emily Ramirez,27.0,,2021-10-15,Clothing,454.86,1
89181ba3-bdee-4231-81a6-009ea8dce886,Stephen Peterson,35.0,72708.94,2021-07-30,Books,124.88,0
0cbdc014-dbed-442e-ada3-13e783e9973b,Gary Adams,19.0,32592.14,2020-08-29,Home & Kitchen,348.26,1
45c190a8-a52b-40ce-a27b-585f1f2de275,Jill Ferguson,20.0,,2021-05-16,Home & Kitchen,80.48,1
908e0372-bcbe-4a42-b89d-3fda1e454241,George Powell,20.0,60313.86,2023-08-28,Home & Kitchen,205.52,1
b76fc5b2-acc5-42df-bac4-9efa5be12d09,Diana Horton,31.0,83732.88,2021-10-10,Sports,389.81,1
483c1a4e-a91d-42cd-8bf0-6f64b4178592,Terry Owens,61.0,68403.65,2024-06-27,Books,185.35,0
e6cd3595-d4f0-465d-bd68-17b638b80611,Jeffrey Singh,,80380.32,2024-04-10,Books,145.39,1
4eb98768-84a5-41c3-9095-e4973d798f0b,Robin Anderson,53.0,41260.68,2020-10-20,Sports,179.69,0
5f89d54d-3bcd-4aec-93ca-8c05acb5959f,Karen Tapia,38.0,42797.03,2020-02-26,Books,189.96,0
9501e917-496d-427b-baf2-f402a0e624f1,Todd Lee,41.0,54296.29,2023-01-14,Sports,8.95,1
03f7ba05-cf4b-4315-a325-4d812bdfb727,Debra Randall,54.0,99267.83,2019-09-08,Home & Kitchen,75.85,0
5df2e073-53f0-4099-813d-d49a8d99743c,Scott Stanley,,77433.46,2020-06-25,Sports,371.59,0
cfdef303-0679-4b47-a283-453695decd6e,Timothy Hamilton,65.0,95700.32,2020-12-19,Clothing,347.93,0
27be0381-6544-497d-a078-9f97213c121c,Ryan Brown,62.0,63029.64,2020-09-10,Clothing,,1
fdc12930-82ae-452f-ad40-76bcf9cb2ee8,Omar Davis,56.0,64364.79,2021-10-19,Books,72.74,1
34dd7624-c3d9-43b0-a2b5-6be11392a255,Anna Ayers,,99207.23,2024-04-07,Clothing,62.34,1
7f2a2e65-c659-4f7f-aa45-5fc7c80cb483,Justin Lucas,49.0,35199.06,2021-12-09,Home & Kitchen,247.33,0
f8247e70-b219-4ff3-846a-c0d691ca9f9e,Brendan Freeman,,82607.23,2021-02-09,Sports,244.53,1
21d32e24-bb89-4746-bc3d-a91136a52df9,Steven Harris,59.0,83321.11,2020-05-28,Clothing,67.27,0
62759469-c28d-4ad5-bbd3-147dd0f0c75d,Kyle Wallace,47.0,87579.33,2022-01-08,Sports,483.08,0
21ee302e-974d-4d49-9bc6-98825a7c831a,Charles Larsen,58.0,80004.22,2019-07-10,Clothing,409.59,1
eaf94919-e69b-4971-bf9b-76efa1057256,Stuart Shepard,45.0,32426.64,2020-08-10,Sports,436.75,1
06a8e22f-d57c-4f0d-9db3-466d1ba6cc61,Tim Baker,41.0,72890.21,2022-03-13,Sports,90.24,0
7d3c279b-5bce-428b-989b-b03086c47b06,Erika Griffin,52.0,93896.25,2023-11-01,Sports,329.99,0
f568c9c6-033c-4469-8f06-ea1874a26444,Kimberly Webster,29.0,65062.81,2021-05-15,Sports,407.55,1
29bccee9-a71b-40ef-8e36-b82f3856be31,Antonio Cooper,31.0,48875.32,2021-03-02,Books,165.14,0
cf2a2198-7ea4-46f5-a10b-4aada92d6b05,Rebekah Howe,42.0,95961.61,2021-01-20,Home & Kitchen,492.75,1
8bc88bcf-7b1d-4049-bcc4-616df40d2a37,Erin Olson,55.0,64927.89,2023-10-28,Home & Kitchen,,0
142a6c95-d908-4a42-b448-0761505e9c9b,David Savage Jr.,,52930.91,2022-01-28,Books,397.65,1
66dfeb1e-9ab3-4c27-a32f-8c5b425832c0,William Castro,,69130.68,2024-01-01,Home & Kitchen,76.58,0
5100f186-d25a-4049-b0e9-be17b4134208,Abigail Cain,26.0,84330.0,2022-11-16,Books,129.4,0
f19b43da-6253-4fe3-8aae-b212c90ded29,Selena Navarro,27.0,,2020-10-14,Sports,98.81,0
50ae2652-09cd-4bdf-b56a-f7370f2670d2,Mrs. Natasha Kirk DDS,35.0,21255.36,2021-06-10,Electronics,62.29,0
3fe65f90-f631-481e-bf40-1e04b9f94ec6,Sabrina Nelson,39.0,62327.59,2019-12-04,Clothing,337.09,1
ab1e6794-70f2-497a-9ceb-201357d9af8d,Jared Johnson,,95308.59,2019-10-17,Home & Kitchen,,1
39d5b552-a867-40f0-a8e6-a772b9cde60c,Roberta Anderson,68.0,74420.64,2024-02-25,Books,400.63,1
298e9a79-abec-4c0b-981b-a30742965873,Erin Lawson,41.0,70472.64,2022-06-08,Electronics,385.88,0
92d6ff73-5b3a-4595-8458-92c14e0e15d3,Jeremy Lynch DVM,63.0,70225.21,2023-08-13,Electronics,478.92,1
a1645f58-bb78-4b2d-8ee5-144d8a1d8b42,Alexander York,23.0,59759.18,2020-08-23,Clothing,388.47,1
7db931ce-05a0-4421-9a79-b46a26b61b06,Renee Moore,39.0,78473.54,2022-04-22,Sports,,1
3dd0c866-0649-4ef5-8fb2-de1ea0b976c2,Peter Boyer,67.0,39935.56,2022-03-15,Electronics,280.88,1
f20e8bda-39cc-4d88-832f-594d0b82b61c,Tammy May,,91340.34,2020-02-21,Home & Kitchen,20.84,1
d22a3a62-1109-4978-93a0-81a6a7647989,Jason Chung,20.0,41957.81,2023-07-28,Electronics,169.34,0
a9fa4ea6-f8db-4a4d-984d-3c020ff9d318,Timothy Ward,20.0,95595.6,2024-03-17,Clothing,200.07,0
ec071cf1-e476-48ec-a2c7-1d046c32faff,Robin Davis,,,2024-02-11,Clothing,,0
245db6ca-6f6a-4196-b2ef-7dce376e22a6,John Strong,28.0,26233.96,2020-05-13,Sports,213.46,1
a629d332-2d4b-45a4-8fdc-13515ba830dc,Martha Lee,,55854.38,2022-06-05,Clothing,138.73,0
c90853fd-fc9e-4692-ba62-6aee542d19c0,Jamie Baker,55.0,79522.9,2024-03-15,Home & Kitchen,400.87,1
027752fe-61f6-4c6e-a89c-0559bf4fa4a3,Jessica Stone,36.0,,2024-06-16,Sports,460.29,1
88a0edce-4384-460c-a413-961f68c6dd5e,Amanda Russo,41.0,60711.92,2021-12-27,Home & Kitchen,28.1,0
fb0a6a90-bc52-434e-8dfa-4cc88805ae31,Ryan Liu,43.0,84545.92,2023-12-08,Electronics,490.58,0
c2537638-7670-4835-b476-998dafc8128a,Kara Boyd,53.0,76399.37,2023-10-25,Electronics,362.73,0
1f626a97-ebe7-4f91-9092-0b690abc847e,Jennifer Reeves,26.0,96640.34,2023-11-24,Electronics,497.9,0
2bdb5720-63ea-407f-b436-498e68afe2b8,Gabrielle Best,36.0,33158.88,2022-11-24,Sports,,0
9f312acb-2362-4bc1-8024-532000cbd313,Elaine Martin,25.0,93884.74,2024-03-11,Clothing,8.85,1
d70da545-8391-47a6-a977-4b71de6d2d7e,Diana Lamb,48.0,94238.9,2022-11-28,Home & Kitchen,340.77,0
1463c5f8-25ee-44ab-b319-1702bb80d98d,Heather Gray,64.0,70779.92,2020-02-07,Clothing,117.23,0
d4088ff7-d713-4061-bcc4-f772547e3918,David Lutz,33.0,95231.27,2020-07-21,Books,494.29,1
f22a4fc6-3f2d-48a8-ad20-481ad216ad53,Sharon Johnson,,40214.85,2020-08-10,Books,466.38,1
e575ae93-ce74-4e8a-b4e1-680b05a02c72,Samantha Morrow,37.0,90542.98,2020-04-12,Home & Kitchen,431.08,1
d69db137-c9a5-4cd1-be28-e8c52b395c4e,Jennifer Jones,29.0,81878.34,2022-01-31,Home & Kitchen,355.79,0
b7c144fb-2b16-4d04-8fb8-7c76af044a8d,Kimberly Robinson,51.0,68775.12,2021-01-13,Electronics,130.43,1
dd5aacc7-ed7a-4edf-ad5b-7d501417d4f9,Victoria Moran,64.0,27250.34,2020-12-24,Sports,463.69,1
a0e77486-9ed9-4124-9a89-5c62990e8f01,Patricia Cochran,22.0,22410.75,2021-03-22,Books,412.19,0
9d6c84af-266b-4d37-b5c9-9b49751f7e54,Larry Franklin,37.0,,2020-03-06,Electronics,318.79,0
571aa4f6-40a2-4015-8a40-a3799a1ab357,Jessica Green,43.0,40044.64,2021-11-23,Electronics,89.62,1
606375b8-bb93-4826-bcee-9d29ce4f1ca0,Katherine Smith,39.0,80988.19,2023-12-12,Clothing,103.63,1
e3b4df81-eeb3-462c-a032-149d06fafb60,Cole Vasquez,,50930.0,2022-01-24,Electronics,285.63,1
5bbdd1f4-16f1-4aad-bf10-7645094c0230,Kelly Andrews,,82035.74,2023-04-27,Sports,298.68,1
754724dd-269b-4c3b-abf0-f4bd4af0a6fe,Anita Watson DDS,24.0,70051.4,2021-06-14,Sports,206.97,0
298b7e5d-5b16-44ad-81e7-74de3c740119,Sophia Oliver,24.0,51140.95,2024-06-18,Home & Kitchen,407.69,1
566ff3ec-679b-49e8-80c3-2da9bc49b58e,Stephanie Conner,53.0,90411.73,2021-03-31,Home & Kitchen,340.8,0
f1c58f44-7e08-4c1b-8da6-a326451437d6,Alexandria Gutierrez,,23073.38,2021-01-14,Clothing,132.74,0
87c47eb8-4f8e-4e01-83c8-e1046480fdc0,Victor Serrano,48.0,57225.04,2022-11-24,Books,19.87,0
780afabf-8cea-409b-89c9-4aa5e689e5e8,Brian Elliott,39.0,86388.19,2023-01-01,Clothing,305.36,0
88239867-c5dd-467b-88f1-100bfa3222c4,Nathaniel Hood,69.0,30145.08,2021-05-22,Home & Kitchen,168.05,1
ef208346-432f-4308-8d56-206d920c3de9,Sabrina Smith,69.0,76839.0,2021-07-20,Clothing,445.47,0
6522ff46-74b7-461c-89ce-15a8afd4fc7b,Jeffrey Marshall,39.0,46249.27,2020-07-23,Clothing,,0
58ba0bf3-675e-4c52-9eb9-5739b8acdd81,Casey Berry,25.0,,2022-07-31,Books,276.57,0
45e695b1-054b-4816-8d18-533e7efa2faf,Maria Smith,48.0,,2020-10-12,Clothing,102.97,0
4100e665-08c6-46a9-bee4-e6bcbd6deb92,Brandon Long,25.0,61735.42,2022-02-11,Sports,483.53,0
b3e4bd3a-94fe-41a0-ae2e-45a4ae4404d7,Morgan Curtis,62.0,23326.9,2019-10-03,Sports,323.26,0
feb46b24-4a2e-4d41-addb-0263c6a2894d,Sean Foster,49.0,65273.55,2021-11-29,Sports,377.78,0
c33993f2-3504-4f77-8317-c3d4afa4f554,Carolyn James,45.0,47794.71,2023-10-31,Books,4999.3,0
62d59938-571c-4d78-8429-aeae877e5ea1,Lorraine Stone,20.0,20359.46,2021-07-26,Sports,229.67,0
402988fd-f8cc-4f3b-959b-148ffa7bff5f,Robin Carlson,37.0,35261.87,2022-06-29,Clothing,275.64,1
fb52451d-90e7-41a1-9db1-dfdc357f0a64,Jennifer Palmer,39.0,28864.85,2020-05-17,Electronics,227.57,1
f16f1487-f7f2-4e5c-8e07-55e354565b12,Sara Gonzalez,,63249.76,2019-07-31,Electronics,311.44,0
ac825818-960d-4788-be1e-165decadbb86,Clinton Gonzalez,61.0,23449.61,2020-10-06,Books,170.7,1
e02a35e9-ae6b-4c8e-8864-4581b8577478,Bryan Todd,,94250.61,2020-05-20,Sports,411.87,1
de386aeb-ea96-4be6-a99c-f16b5a7583c0,Eric Thomas,28.0,87604.96,2023-08-06,Electronics,185.78,1
d8a1a546-54a6-487c-a72e-aa36e642965c,Jennifer Brown,58.0,95623.81,2020-11-13,Clothing,386.83,0
95be263b-0253-4c8c-91f0-c570bf5545ce,Robert Sherman,54.0,45184.08,2024-05-03,Sports,13.27,0
27fa8b8a-909b-471c-8d1f-0a7fd0fce922,Shannon Jimenez,42.0,92421.39,2023-01-18,Electronics,185.02,0
4a8b77da-5cfa-48b1-9836-78eef3ca5f64,Rachel Ortiz,69.0,98744.99,2023-09-29,Books,242.55,1
7eaf1679-52b0-4994-8b1d-d9fda02ebb76,Justin Ramos,58.0,81178.51,2020-01-07,Home & Kitchen,451.02,1
6e566274-99c7-4bea-a756-264dc8649f78,Robin Ellison,23.0,42006.61,2021-07-16,Home & Kitchen,362.57,1
c9d0a7f4-0042-4fc6-ab87-71dffccae6b8,Kelly Lewis,22.0,,2021-02-27,Sports,368.23,0
711fa10a-0b29-45c6-918f-f3582408c3c2,Danny Daniel,69.0,67653.05,2020-07-13,Clothing,320.14,1
0262a5aa-edec-41ef-9762-762620379089,Brittany Martin,23.0,52336.26,2024-02-10,Electronics,450.87,1
e8ef99e9-7afc-40cd-b8bc-6621f2d7fe55,Brian Harvey,30.0,44487.83,2023-06-04,Home & Kitchen,363.84,0
a9afa87a-d181-49bf-aa09-9a46f25a3c68,Kelsey Clarke,65.0,24787.86,2020-04-29,Clothing,317.58,1
9cb9f9aa-bf4d-4eaa-81f2-005bc7537df5,Dawn Cannon,32.0,30030.6,2022-07-08,Home & Kitchen,460.82,0
efa2ce12-8c83-4848-91fb-a56e300a2187,Andrew Robinson,21.0,30716.49,2023-08-16,Home & Kitchen,383.28,1
d48457df-f325-4f2d-8759-5b016c835975,Louis Chan,42.0,58471.43,2021-06-05,Books,12.32,1
10339310-2b7b-4e99-878f-40ed2c805ac7,Patricia Walton,18.0,71351.47,2023-08-17,Books,434.97,0
94665d45-284b-4bcd-a3af-11d0a8ab29f1,Cheryl Wade,,81125.48,2022-03-07,Sports,98.16,0
a1d33772-8101-4c5b-b110-397a1c2c7a34,Debra Watson,43.0,23737.1,2023-03-11,Home & Kitchen,375.45,0
627b9de7-9ae4-45e0-8b1d-c2f8cbf1f93c,Zachary Terry,53.0,,2023-07-27,Home & Kitchen,209.62,0
4fb7c3bb-4408-404c-af44-6806c1378e75,Cory Peterson,51.0,23477.7,2019-12-29,Electronics,,0
c74dd25c-6dbf-459c-837d-975248f3531c,Ronald Lopez,36.0,64395.75,2023-05-25,Books,81.16,1
47caf779-b7c9-4da8-91db-32f8fda834ea,Joseph King,46.0,79531.83,2021-10-07,Clothing,217.29,0
86fadb0e-89b1-40d4-8218-ca25f23db306,Tyrone Mckee,49.0,70497.71,2023-09-23,Electronics,499.72,0
579e9a46-fd76-4f63-9163-de1d8df7a267,Joseph Williams,68.0,95974.29,2020-03-09,Sports,414.51,1
6e83a7b2-c857-48c3-b4a0-697630a31251,Brian Ballard,55.0,47575.87,2021-01-08,Home & Kitchen,,1
01847803-d840-4ccb-a446-eceecaa0a679,Eric Miller,63.0,66870.67,2022-03-06,Sports,323.25,1
c8dec9ab-27c3-4784-82e7-448cc0037457,Kathryn Henderson,,26623.93,2022-10-09,Books,111.26,1
c81236e6-ec77-4fc8-b38e-5adba93fa902,Cassie Salinas,31.0,64783.73,2021-03-17,Sports,36.27,1
76d142d0-5c66-49bb-a257-4c5a903374bf,Ryan Stevenson,45.0,85063.9,2022-11-26,Books,466.7,0
e994f3e6-8fc4-4dd3-894f-7d5af313c0b0,John Phillips,23.0,36128.36,2024-02-29,Books,454.73,1
cc68fd3f-9d37-4a5c-a2fc-7fe3696100ac,Sarah Ryan,41.0,40877.16,2021-03-07,Clothing,,1
e65a3ae4-3a72-417d-829e-d120cddb2316,Angela Owen,32.0,76032.45,2019-11-04,Sports,455.99,1
fb46ed39-8772-4347-9cba-9be3040464c0,Derrick Murphy,34.0,40310.56,2021-04-27,Books,375.69,0
31cb5e8e-ae25-42ca-a894-8b4cf0fcccc6,Ashley Downs,55.0,40739.64,2019-07-30,Clothing,53.88,1
b3390a6e-a0b8-4e45-9abe-c113a1832fdb,Mark Hunter,67.0,94841.22,2020-03-28,Electronics,81.34,0
bc39e1b3-bb1d-4677-84e6-748a7f3ab7dc,Ralph Morales,28.0,99883.44,2022-10-30,Sports,,1
3df8eeef-e44a-41f6-9251-ad083fcb34fa,Dr. Eric Thomas,45.0,32415.87,2020-11-20,Electronics,132.02,0
c2112eda-f1e7-4a9b-af65-70d74643d705,Michael Jones,30.0,92012.99,2020-02-21,Clothing,451.9,1
92b95731-13f2-4c86-ab83-f00fed2ee36f,Andrea Rodriguez,40.0,64218.12,2024-01-25,Books,213.48,1
b6bca2a2-be79-4965-bc9a-923672bbe7b3,Edgar Rodriguez,25.0,23088.09,2020-04-24,Home & Kitchen,271.55,0
e51c0cdb-8247-44df-9d1f-8e30731c877a,Theresa Estes,22.0,66840.22,2021-03-18,Electronics,215.05,1
19b53b7f-b47a-4dce-8f70-9452ce8c037e,Dr. Kylie Powell,70.0,71323.97,2022-01-04,Books,234.73,1
70c455a9-2a1b-4112-b033-1476f53fc3dd,Kelly Perez,62.0,22703.66,2023-10-27,Home & Kitchen,129.15,1
6d3f4b37-ed90-41c1-90b2-e6e5ec6e61bd,Carla Pearson,19.0,80615.35,2023-04-13,Home & Kitchen,160.98,1
4598244b-f0bd-4405-a50d-d400a27ee80d,Kimberly Thomas,,85424.01,2022-06-15,Electronics,129.96,0
c1fa924e-e1bc-4fb2-afed-6cc540b000a4,Jorge Reynolds,46.0,25731.46,2024-05-26,Home & Kitchen,146.02,1
53e83663-9c14-440d-9b2d-81ccc602bd20,Kyle Beard,66.0,71872.0,2022-01-28,Sports,305.92,0
7e15aa2c-07b6-428f-8e98-ce2517337a7c,Catherine Barrett,61.0,56523.8,2020-06-24,Sports,16.54,0
33e9e55e-4024-42a3-8334-f55802cee581,Chase Palmer,30.0,39097.7,2021-12-12,Electronics,468.96,0
6f844392-62f9-4bb2-a5dc-ac6cc329870a,Danielle Navarro,,56693.63,2021-05-15,Electronics,259.3,1
ac4ebce0-a02a-4b21-a2a7-d0fcc683ad33,Tracy Garcia,49.0,,2021-06-24,Electronics,253.55,1
d2928f4b-e151-4a0d-b275-16ea63a6aae9,Kelly Wolfe,43.0,46693.27,2021-12-25,Sports,213.83,0
5ac5f4f0-771e-4087-952b-1ee109d5b64f,Donna Keith,34.0,72416.58,2023-08-12,Electronics,366.85,0
907d8532-2076-4932-919c-21edd47133e7,Andrew Buckley,31.0,58118.84,2022-03-28,Clothing,381.85,1
d26eeeba-53ff-4644-8741-ee56b5e2834d,Michael Robinson,59.0,64473.61,2023-01-07,Electronics,362.57,0
ebc16f69-7946-4978-a5e9-675306389bd3,Gina Sharp,,63475.42,2024-03-15,Books,482.87,0
14dc01bc-0aa5-4583-a2a5-a421858da7da,Stephanie Pratt,69.0,85647.54,2020-02-09,Books,210.18,1
5c6be596-58f1-4c91-9d6d-47e490e0172f,Cameron Powers,31.0,47470.62,2023-02-22,Books,47.39,1
b7a02afd-30d6-463f-91c2-72d801267789,Michael Mcneil,57.0,,2023-06-18,Electronics,400.18,0
789a2829-8a66-4359-abe0-a1771c5e1698,Jeremy Cooper,,26398.97,2022-08-11,Home & Kitchen,357.67,0
d763b159-ed9a-489a-9085-2f4f0b09ec41,David Gomez,24.0,54218.64,2023-03-03,Clothing,17.6,1
067fece7-f1ff-46dc-b45a-a79bd855fb35,Ian Gould,30.0,,2021-01-31,Electronics,248.95,1
2011bc8a-e7bf-4a96-a484-9eb55096ccf2,Alan Hanna,47.0,56126.45,2019-12-29,Books,405.84,0
a2b4d215-c3c5-407d-be29-2238fbfbe602,Elizabeth Leon,42.0,86680.79,2020-04-04,Sports,474.39,1
2462c274-abbf-46c7-a80a-ee2a466bd06f,Scott Wilson,41.0,60991.95,2023-09-06,Clothing,178.09,0
ddda17a3-6779-4e0d-a5c1-df67987d616d,Charles Conley,52.0,98979.73,2021-12-24,Electronics,238.52,0
29b49664-0f52-461d-82f1-240d4e5c6dd2,Thomas Carter,70.0,,2020-05-27,Clothing,225.23,1
e91e70af-224a-4354-a490-7635201910c6,Matthew Sanchez,27.0,29507.74,2021-10-20,Books,373.33,1
b75db71e-a453-4fe9-b48f-653e7b1bcb6b,Pamela Contreras,24.0,45351.32,2022-02-19,Electronics,353.21,1
bad4c288-0bf5-4ed8-b93c-2989c399fd7f,Mark Fuller,56.0,21818.04,2021-11-28,Electronics,240.08,1
d2d07223-0b20-4e0f-8505-0a17d2e1ed4d,Joel Chen,49.0,78700.27,2019-08-20,Sports,96.58,1
b2835498-be80-493e-b0f1-bb1d8e10fed6,Christopher Gaines,27.0,21536.06,2020-06-09,Books,295.63,1
2e22fd39-f31e-4448-a323-c57fa197b954,Sean Jackson,54.0,90875.08,2022-07-04,Clothing,17.37,0
d020baee-95fc-4389-8cd6-6756583e26a4,Susan Davis PhD,43.0,35467.43,2021-03-17,Sports,181.09,1
2ca723c4-8f4e-4442-94aa-aefe153251c9,Sharon Crawford,58.0,,2023-05-22,Home & Kitchen,157.39,0
ccd9f2af-339c-4a75-83fd-46ffd03459a4,Richard Doyle,61.0,24963.14,2021-01-19,Books,38.01,0
b56b9357-b34d-48b0-93f3-c15842ce91c0,Victoria Hammond,,44900.39,2023-06-13,Books,53.21,1
8476af98-425d-495f-8846-bf9040fe6898,Timothy Wagner PhD,,51161.2,2022-05-01,Sports,395.22,0
e8f58c5d-ffa0-4419-b4db-cc40ef7dee1a,Carlos Lewis,49.0,24178.48,2021-02-13,Electronics,229.31,1
72e6316e-e671-4ad2-81b5-468a27bb1580,Charles Williams,61.0,81404.05,2021-01-06,Books,68.71,0
a1ee691a-09e1-43b0-a71f-27728d7f7ba5,Leslie Barber,38.0,76907.98,2021-07-12,Sports,467.33,1
83210210-a43c-491d-ad4d-a4ef95e38180,Jody Cole,49.0,48630.69,2019-11-15,Clothing,,0
50eaa1d2-c1f8-490b-a55e-44b808a6d5b4,Luis Fields,49.0,86815.4,2023-05-29,Sports,222.91,0
31610b3d-1257-463c-b25d-cb50d15b5985,Tonya Warner,58.0,26193.74,2024-02-05,Clothing,348.93,1
9c63765b-74e0-4bbb-8a80-33a7a5fd89c8,Leslie Spencer,60.0,24320.51,2022-09-15,Clothing,81.49,0
85b303d3-756b-4c0d-8ff0-c8ac3d1cd68c,Linda Todd,,48398.42,2022-06-14,Sports,392.34,1
e9a4a856-556b-40fa-b5a3-cece28cdc38a,Keith Frost,52.0,92147.31,2023-06-07,Clothing,423.43,1
c5826444-79fa-4501-a287-401ba7bbaa76,Matthew Rojas,57.0,80517.42,2019-12-23,Electronics,248.17,1
1519401c-8b1f-4137-8ea2-55e08e50c79a,Laura Mccann,32.0,,2023-03-29,Sports,356.18,1
00a1402e-57e7-4f7b-8486-10cfd21276c2,Kayla Chavez,18.0,65018.86,2022-12-08,Books,363.07,0
1a9e8547-147a-48ac-865d-8e4ed01e488b,Kevin Collins,39.0,84301.24,2020-04-09,Home & Kitchen,495.98,1
91fd7d4a-5a31-46a6-9b87-cc5e6d7fe9b2,Michelle Cline,63.0,52978.14,2022-05-01,Home & Kitchen,,0
60c8e5a0-d560-464c-95f7-792a739ac9e2,Rhonda Randall,65.0,22455.09,2023-07-09,Home & Kitchen,183.58,1
d7604342-fcbc-4229-9caf-a108832c9b79,Erin Chapman DDS,38.0,84192.34,2020-09-18,Clothing,257.79,0
22d80170-1e6c-4d83-a2f6-2516dc88b09c,Mary Giles,70.0,,2019-11-25,Books,199.95,1
2ebed37d-05d1-46b6-acee-c38d511fcda9,Eric Ford,38.0,51012.71,2020-01-08,Electronics,269.88,0
567fec5e-04ea-481d-a006-8c1cbbd743b3,Susan Porter,20.0,48608.75,2021-01-15,Electronics,448.4,1
0b4cba0a-317e-4b1d-9b83-acd5e2ccddd8,Scott Robertson,51.0,29869.25,2021-06-04,Sports,,0
b2e74e77-0fe1-4edf-a538-790169f12ccd,Deborah Landry,27.0,48062.75,2023-09-05,Electronics,,1
e963544a-63b7-4101-8bf8-e26a4fae667b,Jeremy Woods,34.0,34166.95,2021-11-21,Electronics,254.43,1
cb60fefc-c47e-430e-99b7-02a20d5f024a,Peter Johnston,56.0,,2023-04-29,Home & Kitchen,76.97,0
eb1c3ba4-5b9e-42d0-ab0c-9fddb61b03e9,Lindsay Phillips,68.0,72274.75,2020-09-06,Clothing,467.28,0
688181a8-13d1-4a49-ad46-9bf4d5cf2dc4,Brandon Cruz,27.0,21091.72,2023-01-01,Clothing,101.31,0
9aa909f1-5adf-4d04-b0d2-27180dd35d11,Gregory Weber,42.0,,2024-05-21,Sports,18.35,1
417df4f8-c1a7-4e00-9ec1-2fa2e6df12ce,Nicole Walker,55.0,64324.21,2021-07-28,Clothing,238.08,0
d95e17e1-900f-42f7-8f4b-4ed5ac1d02e8,Walter Owens,,89733.04,2023-10-26,Electronics,288.97,1
2e402534-6987-4052-b421-9d3ecdc39412,Bradley Mcdaniel,63.0,59682.5,2019-10-14,Home & Kitchen,30.02,0
439f4b86-cd6a-4e0c-b427-965607db34e0,Anthony King,63.0,26436.03,2019-11-23,Electronics,316.29,0
106861d3-633d-4c54-b304-59cc30c42d61,Evelyn Brown,69.0,24137.91,2019-09-13,Home & Kitchen,283.74,1
06b42b6f-1f94-43c8-98a7-75945b8c4949,Carrie Mitchell,48.0,88968.73,2023-10-22,Clothing,283.76,1
675d0855-2d55-40c9-8576-598359cd012a,Joshua Turner,22.0,83258.35,2023-09-01,Home & Kitchen,45.07,1
e5a1bdae-a747-495e-b0c9-52af9db31510,Norma Sims,69.0,88675.83,2023-03-27,Sports,181.59,1
ca6ef7ce-74db-49f3-92a3-3c33037e5725,Robert Calderon,,,2023-11-29,Electronics,69.64,0
b1e186d7-df25-4e5d-befa-9c478dd6650f,Sandra Thompson,51.0,71839.79,2021-01-06,Electronics,236.62,0
dba45b5e-1498-465b-b9fe-0a1b7efbe877,Elizabeth Baker,,27657.44,2023-05-17,Home & Kitchen,188.46,1
66e51767-dcb3-4e4a-891d-fa7b0d3dc6aa,Christopher Bailey,22.0,86125.85,2023-12-03,Clothing,168.27,1
eceb9505-dbc3-4e56-88a1-7945ca6d3e06,Shane Williams,,46689.03,2022-07-05,Home & Kitchen,441.49,1
840fbb0b-a5e3-47af-871d-ade6432255ee,James Hancock,26.0,96411.78,2023-07-02,Books,314.0,1
1480f037-d39a-4bb0-962b-68d41880fa4b,Erika Gregory,20.0,57710.61,2023-09-04,Home & Kitchen,59.48,0
19365f61-f484-478d-9bc9-e8895567a84c,David Horton,37.0,22645.42,2022-10-12,Books,330.4,1
277e5c18-0877-4fe6-b7d8-70b678ac8704,Michael Rojas,18.0,92724.47,2023-07-03,Books,,1
ce03a34d-a022-4fee-843f-b606e8b7e2da,Deborah Taylor,66.0,,2023-12-25,Sports,185.82,1
002f9cc4-096b-4aff-b5b7-751f497e28aa,Jay Guerrero,46.0,42966.5,2020-07-30,Sports,386.41,1
f1c51dda-2828-4370-9672-ebc7606e8502,Dominique Jones,39.0,22944.31,2020-07-16,Electronics,330.29,0
291a58af-259a-4b28-b22b-89748c5c192f,Mr. George Williams,28.0,50134.91,2022-08-03,Electronics,240.15,1
28b299bc-ebbe-4a41-8781-e11f2cb38568,Jessica Zimmerman,69.0,32548.84,2023-11-30,Home & Kitchen,205.28,0
f172840f-3e19-40ba-ae09-ccfba3dee81f,Janet Williams,27.0,63862.42,2023-08-04,Books,110.9,0
540988e7-9fed-4060-af23-d4afe0ff58a5,Christina Stevenson,59.0,31750.69,2023-08-04,Books,211.79,1
f5657d00-7ba0-4f58-861a-e8d1f212cc6f,Amanda Quinn,47.0,33969.14,2020-04-12,Books,137.07,1
65ea29d1-adae-4e45-a036-e74be34d7804,Brittany Baldwin,41.0,93669.56,2020-10-28,Sports,,0
a2bb6283-3d83-4d7c-b9f7-06d40b4ea16d,Kimberly Hamilton,50.0,71209.6,2024-03-08,Books,336.34,1
f75a7e6f-2b86-4694-941d-1a814815642c,Christopher Ward,42.0,39406.51,2023-02-17,Sports,444.0,0
29e316ad-39dd-4477-9a22-0eb23cf9d1fe,Sarah Fitzgerald,51.0,90311.7,2023-02-15,Books,,1
5d005716-7680-491b-abb6-204ee0db22d3,Crystal Smith,50.0,69977.27,2023-09-23,Sports,,1
62f25291-2353-4455-90bc-cb66e0631450,Pamela Arroyo,20.0,95647.95,2022-11-25,Electronics,382.17,0
2982100c-0372-4e33-8550-7d2b909e7f78,William Rivera,54.0,58633.34,2020-12-20,Clothing,315.89,1
afdb4e0b-0171-4f1d-956a-2f20ee283bb7,Alicia Bauer,23.0,91032.07,2023-12-02,Clothing,100.08,1
2c05b870-cd34-4cd7-b7ed-75b463d0fccd,Theresa Moore,61.0,74275.5,2021-02-27,Books,40.5,0
06714938-04fe-473d-a61c-ec19fff83cec,Joshua Russell,68.0,23533.48,2024-03-27,Sports,72.74,0
00f24603-8295-4fe0-92c5-53b5d2f74429,Dwayne Osborne,69.0,39223.24,2022-09-28,Home & Kitchen,4999.3,0
ecf150e6-c6f1-49c7-8c15-a57509c64c1d,Cynthia Calhoun,51.0,42526.11,2020-06-23,Clothing,149.23,1
25cf51c4-9c89-4296-92b0-35e01ca5a2f5,Randy Peterson,66.0,33601.33,2023-10-14,Electronics,406.15,0
c96ef1a5-ac70-4464-a734-f9bbc7405255,Miss Jacqueline Brown,56.0,39054.96,2023-06-25,Clothing,175.08,0
6b325d48-06c4-4109-89a6-e611613f718d,Travis Andrews,22.0,38083.21,2023-12-02,Clothing,85.32,1
afb9f3a8-e9e7-41ba-916b-51ee6faefeda,Christy Warren,65.0,90267.5,2022-09-27,Electronics,487.98,0
ec2b5e21-3f7a-48e0-b611-8bd6553a773a,Teresa Wagner,45.0,57031.9,2020-03-24,Books,353.92,0
37773772-829f-47ba-9d30-db822348e1b7,Emma Aguilar,66.0,90120.95,2019-11-15,Sports,402.64,0
213a6ad8-12b3-4a24-a67f-ceeb8889832c,Anne Martin,31.0,31039.83,2020-03-01,Electronics,251.12,0
59c07423-a89f-4916-90ec-83746862dc24,Dennis Lopez,36.0,65193.48,2022-02-24,Electronics,52.96,0
e54ce0de-6e79-4a92-98b7-f1a2f74f1905,Brent Hernandez,52.0,21077.41,2021-12-03,Sports,295.2,1
61bafa39-789c-4c72-bee2-9e686fa00319,Cassie West,56.0,94424.11,2022-06-06,Home & Kitchen,225.15,1
3d7439ee-6514-4471-aa95-1570399bcb79,Robert Adams,,999905.2000000001,2021-09-24,Sports,162.43,1
eba08424-65a5-4c1f-bb2e-cfc5a53011a2,Sabrina Gutierrez,,51192.61,2023-01-31,Home & Kitchen,48.3,0
409b3c5b-d5e8-489c-91ab-249d94d50a99,Christopher Stevens,48.0,84126.88,2022-03-15,Home & Kitchen,161.48,0
86ce563d-e291-45e1-869f-c269ff7acd86,Mary Willis,68.0,99990.52,2022-10-04,Books,,1
9aa1ecd6-058f-48d5-8ad6-cc515f2e1048,Aaron Taylor,42.0,21560.78,2023-10-14,Books,,1
e072caae-797c-47bf-8793-85209c921e7f,Wayne Bradley,56.0,85926.84,2019-12-07,Sports,358.1,0
9c684df1-0a51-4e87-86ba-68553cad275a,Sarah Ferrell,55.0,60807.04,2023-10-02,Home & Kitchen,62.73,1
6409df32-cc4e-46da-9e09-89b952526d45,Michael Jordan,32.0,,2020-09-10,Sports,192.53,1
88d3281a-1b4e-4428-a048-3bb2f6d080c4,Lisa Powell,69.0,82169.54,2024-05-09,Books,380.64,1
24eac3f4-0c78-42f9-9a41-8b24e0acf9ff,Sarah Snyder,19.0,28952.19,2021-10-16,Sports,,1
c48ae374-06dc-4579-a476-40a1b6a659ef,Jamie Sullivan,60.0,68917.93,2021-08-03,Home & Kitchen,428.71,0
f9fb4010-dec7-42b7-bb22-fa316bc9e970,Christopher Greer,18.0,82266.02,2024-05-16,Clothing,432.71,0
1ad566c3-ecb0-4f48-aed6-3ea464a2bc48,Marcus Moore,65.0,73887.27,2022-04-15,Sports,,0
7644d183-9aab-422d-b5ef-8aabb693f4ef,Crystal Martinez,,50389.95,2019-09-22,Electronics,326.55,1
796f9881-572a-4b53-ab6b-7b4229502326,Tanner Kramer,37.0,22115.33,2023-12-20,Books,321.51,1
eb1d1061-9717-4a6e-a8b4-d5b9693d993c,Sean Romero,,54901.12,2020-11-17,Home & Kitchen,89.03,1
c30759a4-48a1-43ab-9d55-daaffefc5b4a,Keith Johnson,,93095.56,2021-07-06,Home & Kitchen,281.1,1
5e47c2a0-eef6-4139-9ccd-d34080e97f74,Denise Brooks,34.0,46633.87,2020-03-23,Sports,240.24,0
5b8d11ba-a0ec-4e5a-a487-8d19586d7f41,Lisa Chung,,39836.7,2024-06-24,Electronics,124.17,0
84caa7c8-a159-4b4f-b901-726fc421325a,Aaron Christian,22.0,31026.47,2022-09-18,Clothing,357.93,1
e08c28eb-3218-4fbf-8dcc-bbedc0e0d55b,Brandi King,49.0,60820.2,2024-01-11,Sports,,1
b934718f-2d49-4ca2-81f4-317df5141524,Laura Spencer,,62667.86,2022-08-09,Electronics,448.76,0
614f1ddc-4bc9-42ce-931d-a6ac956c2129,Stephanie Price,70.0,25843.86,2023-10-28,Books,57.36,1
8d2ad974-4a86-4655-8a9d-499ca2698c2d,Sheila Friedman,37.0,52620.68,2023-11-15,Electronics,192.53,1
69199a8a-aea6-4315-88ef-444a6e63ffa4,Dr. Rodney Harrison,67.0,72694.52,2024-04-17,Home & Kitchen,,0
354af1bd-ba56-42f7-a00a-a45e44e1b08c,Brandy Garner,44.0,97284.05,2023-04-22,Books,234.61,0
1c3c8d35-21d4-4b7e-a258-7c8958ccf9b4,Ronald Cooper,42.0,54523.29,2024-04-08,Sports,333.27,0
07fe6a4e-2a6f-4e47-9b61-f92b9cf600ec,Donna Jimenez,69.0,54882.83,2022-11-03,Clothing,354.91,0
76a933cf-65fd-4f69-93a2-5c9b6e3a52d7,Zachary Allen,42.0,57690.72,2023-03-17,Sports,33.56,1
b5004950-b5f5-4316-a453-35cc137fcd2b,Rhonda Arroyo,21.0,38002.68,2024-02-19,Electronics,60.96,1
6ce8d7dc-c71d-42d6-93ec-5718ae4a741a,Kathleen David,28.0,51587.01,2024-03-21,Sports,317.92,0
2367ad9e-8dcd-4d64-b9e8-e4ee8b7f6d7a,Terry Harmon,59.0,71621.18,2024-05-25,Sports,418.29,1
2a1ace85-351c-4aac-a728-ec952b52dab1,Eduardo Shields,26.0,51764.74,2019-07-11,Electronics,305.72,1
22b3ce34-867a-4ac9-879b-e4e53a6e8f12,Devin Hernandez,33.0,66510.06,2022-06-06,Electronics,51.49,1
e65d1c73-5b62-47c9-be38-01afd1a8d7b0,Carlos Reed,,,2024-04-22,Sports,,0
49bcf4a8-bc62-44a8-9f93-e802e1c25cd1,Leslie Moore,,99837.41,2022-10-01,Home & Kitchen,292.4,0
af273f40-55cd-472e-8b10-cf68b7691470,Zachary King,39.0,90803.17,2020-06-18,Electronics,112.37,0
ea045534-f679-4fd3-8d74-afec1e548a7c,Cody Ramirez,21.0,49743.73,2020-04-10,Home & Kitchen,375.08,0
c5fee487-68ab-4281-968d-2bc2dac7c336,Jacqueline Gutierrez,20.0,21738.17,2021-03-09,Clothing,,1
2887a3a9-e633-47c3-8303-42c7dcfbde0a,Kyle Warren,48.0,68928.37,2022-02-22,Home & Kitchen,413.84,1
f7f1bb27-8066-4563-a0c3-0ce957ac59f2,Brian Peters,44.0,57964.06,2021-07-19,Home & Kitchen,451.54,0
25033a3e-b1f5-47d0-887b-4cca54f02dc4,Amy Peterson,27.0,38961.37,2021-05-08,Books,267.88,0
bd637b3a-fc0b-4519-a04a-a4a2e983cc1d,John Stewart,49.0,23224.33,2019-12-11,Books,352.82,0
3c0a94de-4e24-4cf7-8e33-dcabbe684e2b,Rebecca Wilson,56.0,45725.62,2022-09-22,Books,383.21,0
60e9bd79-fe1c-41e5-aa31-e67ae1680205,Michael Watkins,63.0,83845.71,2021-06-12,Electronics,315.2,1
78a55d6b-f2de-400f-a3e8-695158b5f052,Sheila Gardner,23.0,97129.52,2022-01-22,Clothing,325.16,0
68fc642a-f6f2-4926-8e60-678b82f4b48a,Renee Hernandez,61.0,28532.81,2019-10-07,Books,204.82,1
1903b45f-d01c-4935-a803-2f7efef06b04,James Diaz,62.0,90211.15,2024-06-25,Home & Kitchen,446.94,0
25cc2478-276d-4e19-b924-e06aaef5baef,Robert Black,27.0,23897.41,2020-12-22,Clothing,,1
a25130a8-9870-4707-955f-bc3301424249,Sandra Morton,69.0,77078.07,2023-01-22,Electronics,85.11,0
e1a9344e-ef7f-4bc8-bb24-cba4b4577bf7,Tony Reeves,40.0,22143.66,2023-07-08,Books,,1
c77f0b62-b264-49f7-9b58-286c8461f840,Juan Clark,44.0,53683.97,2020-05-09,Sports,109.65,0
98856c7f-3475-4526-b2b4-c281a5b91ee8,Jennifer Williams,20.0,,2021-05-16,Clothing,262.46,0
83719849-fb52-44d9-9a66-d48da4f0d9c2,Tamara Walsh,57.0,,2021-04-08,Books,451.22,0
bb5f15c1-b044-4ebb-8445-17ef1c769e1f,Jason Neal,,93965.15,2020-05-12,Home & Kitchen,182.0,1
15db4487-6038-43f3-ab2b-cfda9d4319b5,Daniel Davis,42.0,77055.61,2022-10-15,Sports,369.13,0
1d8ac1a9-02af-4382-8938-ad77cb18d6a4,Nicole Taylor,47.0,,2023-04-12,Books,,0
b8f35c26-d13e-439c-9cb6-f1f0e4751694,Matthew Beltran,21.0,32910.32,2022-10-04,Clothing,331.03,0
ad0cabfc-1baf-41f1-917f-a07e7b0f78c1,Ryan Graham,24.0,47239.66,2023-03-10,Electronics,49.94,1
b259a6a0-9591-4900-9e7c-faad73df770a,Alexandra Boyd,48.0,52887.69,2019-12-21,Books,260.59,1
cfe4fb66-7c8d-4368-aaa2-843940fe81ec,Richard Woodward,67.0,,2021-07-31,Sports,,0
28b74f3d-ec38-46bc-ba8d-1c00c6962905,Paul Cox,27.0,99683.05,2021-12-29,Sports,498.9,0
e5098f9a-d3c6-4e05-8d37-aebb8fc7f7e3,Sharon Bright,19.0,42696.78,2024-05-07,Clothing,232.04,0
820bc51d-db3a-4fa6-87d0-286213f36e53,Kathleen Lewis,20.0,60285.03,2021-10-10,Sports,32.85,1
06999e1e-2b02-437e-a2cd-159aebba80d2,Taylor Rodriguez,56.0,94675.83,2022-03-15,Books,177.83,1
2ab465e9-d97d-4b38-a4a9-8266d3d6362b,Brian Johnson,57.0,47633.66,2022-02-17,Home & Kitchen,252.25,0
68adc28f-8463-416a-be65-6befe0efc989,Brian Campbell,26.0,70288.38,2020-05-24,Sports,465.05,0
702cebbe-3544-4189-a920-46339bb68cd2,Cynthia French PhD,58.0,81290.52,2019-07-04,Home & Kitchen,37.26,1
439ddd74-67af-46d9-af04-ef81b5481bf2,James Hernandez,38.0,70421.58,2023-12-18,Books,458.33,1
eb6ec9e0-225f-4457-9662-5aa1056b565f,Carlos Taylor,24.0,80274.45,2024-02-29,Sports,222.79,1
70e2ee61-e29b-44d7-abdc-9c10636241c3,Amy Woods,62.0,35655.44,2019-08-04,Clothing,54.27,0
60032713-ea8f-423d-8dbc-321b90a00ee1,Jessica Wright,53.0,96587.01,2020-04-09,Sports,377.05,1
a4e0ee5b-1638-425c-8d66-65d8edf2a720,Anne Thompson,59.0,34151.82,2023-11-28,Books,64.93,0
3bac2660-55a3-4129-a7ba-6b1a96954911,Jerry Harris,40.0,66694.49,2022-05-11,Books,71.32,0
0a02da60-749d-4601-9f98-377981bd5336,Deborah Mendoza,30.0,,2019-12-07,Clothing,122.25,0
44c8fd00-1a0f-4218-9eb8-83257add8fed,Maureen Morrison,42.0,70753.84,2022-02-12,Home & Kitchen,275.88,1
8d00b7b2-7d82-4ccf-81eb-88e5d549faad,Jennifer Jordan,68.0,43288.83,2023-07-11,Books,331.86,1
43eb280e-7901-4990-a4e3-22cfa51de78b,Carlos Carlson,67.0,54497.07,2020-10-20,Home & Kitchen,430.88,0
5d443821-8a7f-43ae-bad2-3fbf2e573864,Robert Franklin MD,67.0,74577.8,2021-08-19,Clothing,,0
9bde299d-da28-4b7a-8d6d-99a628d798b4,Destiny Torres,49.0,41525.5,2023-03-12,Clothing,320.56,0
74f8c57b-24c5-42ca-aab3-c4d8d4e4004b,Veronica Lewis,25.0,78230.07,2021-06-19,Home & Kitchen,243.19,1
7a658abe-1188-4fa1-b660-ffd5119fc1c4,Kerry Johnson,21.0,47750.21,2019-07-11,Clothing,254.63,1
68f49b51-f3fa-4613-90ed-41f464aba3f6,Jessica Simon,57.0,30572.49,2020-12-05,Sports,333.17,0
7b777bf2-43f9-4cbd-979d-221d8e5f37fa,Robert Kelley,62.0,69050.3,2022-04-08,Sports,138.62,1
4bf41e10-1c62-4f82-9081-3d923aca43f2,Anthony Russell,47.0,33260.64,2022-12-11,Home & Kitchen,151.52,0
181a218e-cfd6-4560-9c05-c1f3241d3e27,Jody Schneider,57.0,54446.2,2021-08-01,Books,313.37,0
0e8472a7-dd33-4379-a88f-58c1237d7b90,Janet Fisher,58.0,51871.79,2021-02-03,Clothing,312.76,1
96248805-2305-46d3-aa61-353ad2b00078,Amanda Morgan,39.0,26093.51,2023-01-11,Sports,94.2,0
0876daaa-01ce-4fc6-b2d1-16fe8f08963c,Matthew Craig,59.0,76861.59,2024-05-19,Home & Kitchen,101.88,0
b325442c-8eeb-4fd8-a783-b0c3dcae667e,Lisa Reese,,74465.89,2023-11-03,Sports,276.47,1
b6d066f2-7d87-4566-9a0a-80bec15dfcfc,Mark Mccoy,61.0,82223.6,2021-12-21,Clothing,417.45,1
79140a61-ee65-4feb-9b67-4518b0bf7f14,Nicole Johnson,63.0,63593.05,2020-02-22,Home & Kitchen,159.33,0
c7afae8f-dfec-42ae-98e7-60bf8f3e64f4,Jennifer Ramirez,57.0,64313.34,2022-10-22,Clothing,91.13,1
af8c96a9-18f7-4499-9f61-c53457d1d37c,Bryan Moore,36.0,33538.64,2020-07-21,Clothing,29.03,0
7f6bf51b-3a05-40b7-bddf-55b2015128db,John Jacobs,68.0,36597.11,2020-08-21,Home & Kitchen,267.43,0
4642cddb-4fbe-4aae-bbf7-0946d6ada066,Damon Boyd,26.0,38259.96,2022-08-24,Sports,266.59,0
5ad8712d-7ee1-42a3-824b-fe48398071b1,Benjamin Perez MD,42.0,62024.28,2020-08-14,Clothing,308.27,0
ed3032ed-824c-4948-b474-b1a4f2684ee1,Judy Sanchez,69.0,85518.61,2023-01-25,Sports,275.55,0
4e051eea-13d7-4846-9777-6c3a57435d9c,Yvette Moore,36.0,48557.93,2022-01-10,Sports,331.18,0
bd2cdb8d-39eb-4a32-ac1b-681192dbd613,Katherine Scott,65.0,90549.76,2021-09-02,Electronics,435.72,1
dc58ea6a-6193-4b51-b6ac-a9b45e146c30,Kirsten Tran,61.0,78870.26,2023-07-11,Books,162.16,1
49b3fe66-3b4c-4730-a53d-f737c2185e77,Jeanette Graves,69.0,77315.77,2021-10-25,Books,399.04,0
c6b7e7cb-be0d-44ed-b306-1611ef96a214,Rhonda Williams,25.0,46813.77,2023-02-10,Clothing,117.24,1
c814ed3c-e166-46ab-a8f6-14bd7b2aa677,Kevin Wade,51.0,29478.2,2022-08-08,Clothing,,0
9cc753ad-6264-490f-886c-0adf5bf26ec8,Regina Rivera,68.0,97023.24,2023-03-24,Sports,249.72,0
1e94eb4b-c74f-43ca-94c6-67bb211e55c3,Kim Kirby,30.0,88368.85,2023-12-20,Home & Kitchen,262.22,0
de5fe0ee-8010-4500-9ae5-253066b48fc6,Joseph Young,20.0,52709.44,2020-07-28,Sports,370.15,1
b594b706-a7fb-481e-ba88-a4ab78916712,Tonya Torres,68.0,89057.46,2022-11-23,Clothing,,0
5bd71dc6-ea75-434d-a1d5-34025fba6dc2,Jessica Carter,43.0,91937.37,2019-07-12,Electronics,370.51,1
f902d6c0-5bf5-4279-8704-768e6e927501,Patrick Riggs,46.0,47397.89,2020-08-01,Sports,404.03,0
b6e0eac2-c42b-44c4-846f-5825669ff1b9,Sarah Turner,41.0,60124.92,2023-03-19,Books,5.69,1
1af4321a-ddd3-4779-8879-996dfe38f4eb,David Hahn,66.0,46543.19,2021-01-15,Clothing,283.19,1
1ee1723b-4a96-46a4-a752-41027acf6bcc,Daniel Leon,30.0,75612.6,2020-08-04,Home & Kitchen,14.27,0
eed15368-5811-4722-a77d-fc7b722c353d,Danielle Mills,47.0,92973.39,2022-04-17,Books,73.47,1
edfda291-2fdb-4c0d-be4a-565e3e581dd5,Scott Richards,40.0,98763.53,2023-12-11,Home & Kitchen,436.24,1
3a8be161-7fd2-470a-968d-6f3ef4b445aa,Michael Mercer,68.0,,2022-03-18,Sports,32.21,1
f9adf8c5-6247-440d-ae5c-eb3d1c275035,Rhonda Cain,,44419.39,2020-07-27,Clothing,454.16,0
7636efd9-8376-4fa8-b6fe-579f6382f3b5,James Gonzalez,22.0,,2020-12-20,Home & Kitchen,335.41,1
ffb59512-fa04-4706-af8d-ff9bfae3fcee,Rachel Perry,20.0,99409.57,2020-02-25,Books,384.13,0
387cdf02-9e3b-4f04-9418-864590de6fba,Jeffery Griffith,20.0,47722.09,2021-02-27,Home & Kitchen,339.24,0
4fab2ad8-8091-421d-a637-c09facf606fc,Tim Stanley,49.0,,2019-10-03,Electronics,380.4,1
849648e8-5084-440f-bb8f-5fc77c96eefa,Alexis Miller,34.0,60923.71,2022-10-10,Electronics,,1
78c5a976-1786-42e8-806b-8fd6af157ed9,Luis Hansen,19.0,97170.84,2022-02-27,Clothing,447.96,1
f325f875-e417-4ba3-a4ee-c62b51306e5c,Scott Cook,51.0,99668.48,2020-01-22,Clothing,183.12,1
6e6d086c-f7b3-4a86-921d-bc093a357442,Edgar Potter,,85035.37,2019-09-27,Sports,4999.3,1
c57842a9-934c-472a-8c72-fe13fbf28c1c,Mr. Derrick Oliver,54.0,74674.96,2020-03-28,Clothing,326.47,0
437249fd-17ee-4fe6-a810-91fe0a5a0322,Adam Love,54.0,32321.16,2023-10-23,Sports,267.43,0
2db6de21-53a9-4c5d-b9b5-c70e3346f7c6,Eric Fox,31.0,20393.38,2024-04-27,Books,340.87,1
b2daa1f6-cc16-414a-ae4a-6e781cf4a8ed,Robert Waller,32.0,67637.67,2021-01-11,Electronics,187.24,0
f3f05323-3bd5-48a2-873c-36ba5d393bf9,Amanda Valdez,23.0,76356.79,2021-09-16,Home & Kitchen,212.27,0
88da091b-61f6-4877-8212-585b0b2f8580,James Davis,67.0,94843.04,2020-06-16,Sports,199.11,1
d24e3104-1dd2-4234-a131-24bd01275a63,Allison Gregory,70.0,61369.59,2023-02-21,Home & Kitchen,24.62,1
e998952c-ef58-451f-9b1a-e0199aca0c4a,Jordan Green,58.0,75747.73,2022-01-19,Books,369.74,0
7751b3fa-bdb6-4ff3-94e1-67063309a536,Jeffrey Cole,67.0,71788.48,2019-07-26,Books,286.64,1
852d2ee5-0061-4d30-9907-3286329cd43a,Ruben Mccoy PhD,,36393.61,2020-09-02,Home & Kitchen,443.54,1
6a4ace0e-d89a-4500-9f13-d2fbe583847f,Kelly Fuller,,71544.01,2019-07-18,Books,370.26,0
ed0d0418-2d58-4ce9-8974-5cd7111868f8,Morgan Hansen,,98537.7,2021-09-10,Electronics,210.38,1
6a594b07-eda6-4806-ba19-607d3bfb255e,Donald Mclaughlin,,28894.8,2023-11-11,Electronics,388.85,0
00183cfe-ceb0-4220-b984-f33f61c61ae4,Tyler Fritz,50.0,75083.46,2023-11-28,Electronics,36.39,1
f9df7275-6199-4015-b5c9-599f6f9179cf,Stacy Bernard,37.0,69144.41,2022-07-09,Home & Kitchen,319.88,1
f45c8840-9da2-4338-8a8b-c856c3edd9b7,Sara Lopez,25.0,50068.38,2024-04-21,Clothing,465.94,0
58d97f4a-9533-4356-874f-3be044f20133,Alexander Gomez,27.0,,2024-01-24,Home & Kitchen,446.35,1
565af699-d3bb-43d7-9e12-425cb42fb357,Christopher Marquez,,20838.87,2022-01-21,Sports,161.62,0
2266a107-a408-401f-b433-97f1ad5b9bb2,Christopher Brady,54.0,91392.93,2021-06-21,Sports,143.88,1
40709bd4-1790-46b7-845c-21e7988d0e4a,Tammy Camacho,45.0,85389.12,2021-01-30,Books,150.95,0
1a7e256d-b6ff-412c-9a6f-0c9af1f7e90f,Larry Patel,23.0,58456.39,2020-05-03,Home & Kitchen,443.89,0
24536074-b13d-4531-862d-7f7a45dae1f3,David Armstrong,24.0,28651.13,2022-04-05,Sports,174.41,0
22ca9fe8-a8aa-4d13-85a9-18d19eede43c,Nicole Burnett,,,2021-11-15,Books,209.61,0
f9d2b2de-92bb-4701-b503-c56e61002dbd,Troy Carr,22.0,,2019-07-22,Books,168.2,1
6bd1f046-339f-4b69-91cd-2c07a8f78b61,Gary Brooks,24.0,40310.68,2019-09-03,Home & Kitchen,136.78,1
8f41d3e4-1ece-45e5-8018-41f4820d15c6,Mason Herrera,44.0,58922.52,2020-08-03,Clothing,435.7,1
79801aaa-e93b-4418-b170-b1ed1b040be3,Anne Hernandez,67.0,,2020-10-20,Electronics,224.62,1
729bd820-e4ad-44e2-824d-9e961fe253b0,Daniel King,27.0,,2021-10-03,Electronics,269.44,0
8c3af69e-7474-4f6f-adbd-b6e57844c2ac,Hector Romero,64.0,64931.6,2024-01-07,Electronics,203.66,1
41229d75-6a8d-4e84-a0fe-652b56fe2301,Kelly Vance,19.0,86179.34,2024-02-15,Sports,170.99,0
816480fa-90a2-48e1-941b-d89660924d2b,Matthew Stanley,68.0,26234.66,2020-11-07,Electronics,204.78,1
dcff697d-d26d-428d-91f1-5ee755e9718e,Laura Page,46.0,88509.44,2022-11-24,Sports,447.97,1
59de5319-3f9b-4cfc-b42c-59053bcab3ea,Benjamin Garcia,45.0,93665.17,2022-04-14,Sports,143.76,0
69083bd6-ef61-4cac-8674-d2447b056d02,Mark Reyes,61.0,33440.11,2024-01-03,Home & Kitchen,349.88,1
e355c369-b931-426d-b26e-8017061f5679,Sean Rubio,44.0,86198.99,2021-01-06,Sports,110.96,0
f5652d00-67a4-4b26-8d6e-44f20189a5d9,Donald Thomas,19.0,,2021-09-22,Electronics,,0
3956fba9-7232-4dc9-8677-81b2c3a31607,Lacey Payne,49.0,90292.71,2022-06-24,Sports,236.13,1
7a2be049-40d2-416f-bdb6-12f46df2fc82,Robert Lopez,38.0,61371.16,2021-08-08,Clothing,152.89,0
70df67b9-3a6f-46fa-a418-13ef799fde33,Meagan Boyle,64.0,68660.34,2021-08-05,Electronics,217.14,0
7c76a592-a73e-4f3b-9c27-761d4894d9fc,Jill Cummings,,36646.66,2020-07-04,Electronics,371.18,0
26184c80-edf6-41e0-ae8f-0e0999755cb9,Breanna Fernandez,23.0,76650.52,2023-03-20,Electronics,428.92,0
af3b5a91-85ba-4545-94e2-6a5bf807cdd9,Tammy Peters,40.0,52401.38,2023-07-29,Home & Kitchen,407.23,0
eec9fa67-4cc6-42fc-b006-ff85166a1a98,Jose Neal,22.0,21693.53,2022-10-05,Electronics,69.26,1
1f6ceec1-ac54-4740-a182-e35f848edc98,Carlos Lee,,30741.37,2022-04-27,Sports,483.82,1
57c2747f-27b5-4ee7-8f1a-6c44f239fbb0,Daniel Phillips,40.0,51057.44,2023-11-28,Books,241.27,0
9f2d5db8-deba-489f-959d-e20409642b31,Jeffrey Vazquez,62.0,,2023-10-22,Clothing,4999.3,0
e668bb6e-c408-443f-a90d-07e4ce1f4081,Christopher Garcia,19.0,65195.38,2019-08-09,Sports,89.55,0
3008a519-ad83-4951-a3ea-a00577f63854,Shannon Adams,40.0,93300.56,2022-11-25,Sports,,0
2ae201c0-312a-4c3c-bf00-625769560c06,Hector Moore,40.0,94358.71,2019-08-10,Sports,100.52,0
f2b72bd2-c97b-42af-8c10-ef0164119d38,Daniel Williams,29.0,26943.6,2021-07-16,Clothing,,0
56c6544d-f60c-4881-85ac-7520cd4668fe,Peter Ramirez,18.0,67057.23,2020-07-05,Home & Kitchen,138.99,0
d46e34aa-ae9d-4797-8284-e0bee33e270a,Kathy Avila DDS,32.0,46762.24,2020-07-12,Home & Kitchen,421.27,1
53fb2ed1-b953-4807-b009-61c3855a7d8d,Rachael Mueller,70.0,,2021-09-06,Clothing,86.09,1
8af37d72-ec4f-4490-84ea-f9432ee66e21,Christopher Lopez,41.0,56441.98,2019-09-25,Clothing,428.11,1
952b750d-9830-449d-99ef-bb41b66b6b0b,Blake Hall,,58395.46,2023-02-16,Sports,332.38,0
b050eb01-a22f-4818-a6f3-32446f1d5baf,Mark Johnson,56.0,28144.46,2021-12-17,Clothing,65.09,0
a9c7ae92-e61b-4dc6-be52-5e4f9e203161,Michelle Snow,27.0,999905.2000000001,2023-11-14,Clothing,,1
991ab513-369f-4284-adc6-41cd921bc646,Latoya Evans,,59222.4,2020-11-14,Clothing,219.84,0
7cddb4cc-3e33-4f35-886c-976870fe3cfc,Louis Lang,18.0,71599.0,2024-05-05,Clothing,95.93,0
5153f737-d7f1-4ec2-9a9d-add2e7aad070,Maxwell Cox,31.0,,2024-04-27,Home & Kitchen,,0
0021b632-3246-47d9-bb29-66398e4a295d,Amanda Garcia,60.0,34481.47,2021-06-02,Books,31.93,1
3e2b6653-2258-4df3-8ff0-952a0b2591c4,Shannon Collins,61.0,63280.05,2020-04-10,Home & Kitchen,23.93,1
9c272c51-ac98-4368-9fc8-b87a7176d181,Patricia Jones,,32763.18,2020-02-17,Clothing,369.94,0
1beaf9cf-af3c-49d0-a92c-3c3e3957f082,Jessica Gonzalez,25.0,88174.34,2019-11-06,Sports,49.49,0
840658d1-c1da-4d39-b735-0626dca8b6fd,Roberto Rhodes,65.0,86528.32,2019-09-19,Home & Kitchen,374.47,0
a2521f50-a54e-4c8f-acb3-077a6cef5e55,John Martin,,31491.1,2023-11-06,Clothing,51.76,0
aedab7b5-e2aa-45a7-8951-03edfd05a5f5,Kelly Jones MD,36.0,25507.52,2021-04-29,Electronics,470.13,0
31307e46-af79-4546-be51-68dc5690f74d,Erica Oconnor,41.0,25479.35,2021-11-04,Clothing,,1
d7de701d-8eaf-4323-9f65-380029c836e0,Randall Salazar,62.0,51459.52,2021-09-07,Books,283.66,1
640ca20c-702a-4b67-b7ae-77585b45cf5a,Corey Burns,19.0,96243.31,2023-07-08,Clothing,324.81,1
51497435-a9c9-424e-bd72-3837705bacc2,Amber Wright,56.0,64491.23,2021-07-05,Clothing,186.27,1
113c1836-77f4-431b-bde9-d47dd89331ac,Edward Barnett,32.0,41242.13,2021-04-16,Sports,52.42,0
1d010478-c110-412c-b843-1ed6258694b6,Leslie Douglas,27.0,38371.91,2022-11-24,Electronics,246.7,0
efb80c63-f42f-438f-a7e0-8e2fc06bad38,John Griffith DDS,29.0,28869.86,2021-06-04,Home & Kitchen,171.15,1
b52f6009-76c0-4651-b361-c49764e0dab3,John Jones,47.0,31285.7,2022-10-17,Sports,446.01,0
5e2d2454-e462-42e7-b5c3-de958a647b9f,Paul Zavala,25.0,84949.06,2021-10-17,Books,105.57,1
67f8ab57-0572-4bb5-8bee-2ebdb44788bd,Jeremy Thomas,48.0,31090.68,2022-05-07,Clothing,115.77,0
698eecba-da98-4a57-966a-dfc43513198c,Stacy Brown,40.0,89124.92,2021-07-08,Home & Kitchen,300.61,0
ca6cb87c-dfb8-4708-91d2-125a95e19cb6,Christine Taylor,63.0,85839.85,2020-10-08,Electronics,224.78,1
a2251838-35e1-492e-8a74-bec56951743e,Donna Miller,34.0,30944.7,2024-03-22,Sports,4999.3,1
ab341860-fefd-420b-b5ef-aa99010f5ddf,Shelia Silva,26.0,64697.98,2022-06-13,Home & Kitchen,74.47,1
e80bb7eb-a499-49cf-87e5-1bbc22e9e671,Melissa Medina,19.0,20564.42,2022-09-08,Sports,420.71,1
8b3e00e7-6151-487e-8f02-7fe87d5d9031,Justin Ramirez,31.0,88962.89,2020-12-08,Clothing,52.3,1
9ad73702-140a-442e-90e8-57f88986148f,Martin Lester,41.0,64662.17,2022-09-07,Electronics,452.46,1
c095e099-7e24-4205-bb00-d206f8542953,Jeffrey Miles,39.0,80427.23,2022-04-08,Clothing,470.52,0
9df497f1-6b5a-474d-b436-7eaa03ea038f,David Townsend,48.0,59227.63,2022-05-31,Clothing,69.47,0
156e3ae5-4fe4-4735-9c29-b6dac1d7fbe9,Amber Bennett,36.0,75233.76,2022-03-14,Sports,462.7,1
cef980ce-c471-421a-85f2-b928beb9c9e2,Autumn Shepard,36.0,94499.13,2020-10-16,Electronics,136.53,0
dd9539fc-f7cd-4b75-9d26-3e763d3703f8,Larry Jones,53.0,64763.66,2022-10-11,Books,397.27,1
f555a628-dd15-4fb4-9680-51b70723b796,Charles Gill,58.0,89976.44,2019-11-28,Clothing,165.71,1
773b8350-2743-40df-9e15-428a833cf90f,Stephanie Robinson,38.0,,2021-01-22,Clothing,225.57,0
72789d75-97f0-4fcf-9c35-1dc942260a44,Susan Barrett,29.0,27802.6,2021-01-08,Books,356.69,1
fb2323e7-d6a2-4379-a0c6-a8a74748f7ea,Jerry Rivera,55.0,20411.57,2021-09-04,Sports,275.39,1
bef874d7-6251-474d-a1f9-c40838330558,Amy Hopkins,23.0,38132.02,2019-07-08,Electronics,378.52,1
3a724b9f-56fb-4c72-ad6a-1bfc81be81f4,Anthony Perez,24.0,87086.95,2020-07-11,Sports,201.17,1
ef82c4d6-438d-48b1-9719-64f8d2fb05ca,Patricia Baker,52.0,44919.64,2023-10-11,Home & Kitchen,35.84,1
50c6fa8c-27a0-408c-8b44-361f16c7354a,Dean Fitzpatrick,55.0,37969.29,2023-06-19,Clothing,175.01,1
7c2b940d-9045-4445-958c-d60ea07f7f47,Angela Hardy,37.0,999905.2000000001,2019-07-28,Clothing,442.89,0
86fe0ded-fe38-484b-b489-362c10345193,Sarah Whitney,28.0,95752.33,2022-07-16,Books,,0
62b22fd5-51c6-42e4-af48-744f7abc9f0b,Meghan Wiley,42.0,60718.28,2022-01-30,Home & Kitchen,463.46,1
1dd95d4c-0637-4dca-9f46-30adbaaa6300,Christine Robertson,27.0,47269.73,2019-12-28,Books,296.65,1
ef89c2e7-aa17-4666-9b6e-83a96f2af3b2,David Lopez,26.0,26200.14,2023-03-20,Clothing,167.46,0
2449213a-c2fa-4184-a232-4672f64e8f4a,Dustin Mcdowell,69.0,65893.35,2021-04-25,Home & Kitchen,243.45,0
b49b93d5-1e70-4e19-87f7-9ee0e299cb48,Kendra Rodriguez,32.0,38100.56,2021-06-01,Clothing,249.13,0
a11b26b0-0823-4adf-bf75-12c56e05724d,Barbara Sanford,38.0,49399.93,2021-05-02,Electronics,,1
1d8cca3b-6261-4790-83a0-61c445a16970,Anthony Everett,50.0,,2022-07-19,Home & Kitchen,436.28,0
9dbdc6ff-5fad-4a0d-8aa8-3cd65804a881,Dillon Hopkins,33.0,80654.75,2023-09-04,Books,34.24,1
bebbe60d-3085-4e6d-a31c-c5d2cd96a6a1,Morgan Stewart,33.0,38530.31,2023-09-20,Home & Kitchen,169.13,0
0f424ffa-8abb-472c-8aae-0c3ad31224e0,Amy Johnson,66.0,,2021-01-25,Home & Kitchen,489.18,1
03927935-8d5f-42c0-83f0-ba7756b8002a,Ronald Rodriguez,29.0,79391.05,2023-12-29,Sports,282.37,1
d1cae193-7ed6-4f4e-a875-176629530a13,Terri Maddox,36.0,58489.56,2019-10-19,Sports,,0
4202faf9-dceb-4f56-a31c-a36b059ebb2e,David Brown,,90437.96,2022-08-15,Home & Kitchen,,1
feeac13d-5813-42c2-a33e-383454e27ea6,Jessica Baker,44.0,48733.44,2023-01-03,Clothing,406.76,1
8fad725d-9d0b-4f5e-996d-362dfec24805,Leslie Daugherty,60.0,50747.19,2024-04-14,Home & Kitchen,314.63,1
c20166e3-ca68-4a98-b48e-f9a86aeb5a32,Ashley Taylor,20.0,30349.53,2021-08-04,Sports,428.92,0
1aac3ca1-920c-404e-8063-d5251152797e,Ivan Kramer,26.0,82284.49,2021-07-30,Books,368.63,1
ffbdfd47-dc79-42f0-9338-94b3854ca896,Amy Ortiz,56.0,52095.41,2022-08-23,Electronics,499.93,1
08df6b19-7c3a-4037-a0d5-c16e961139cf,Rebecca Ramirez,19.0,60020.24,2021-03-16,Clothing,172.18,0
393031a6-c82a-4c15-9733-f669852d8585,Brenda Rogers,43.0,57677.49,2024-05-07,Books,373.28,0
d61a43f2-8ecb-4971-98c8-ece658ea0417,Jeff Ferguson,22.0,999905.2000000001,2021-03-30,Electronics,,0
2d5c6415-fedc-48f9-b78b-094cb5178761,Christopher Montgomery,,49915.07,2020-03-28,Sports,348.18,1
3aeb5bc0-f63d-407c-a9d2-1bf8b1954990,Ann Huber,,93268.91,2021-03-15,Electronics,396.68,1
b2c92c12-9bd9-4220-b38f-4acf66270136,Patricia Brown,26.0,54553.78,2020-10-11,Sports,410.49,0
28702bb1-5931-49b4-b061-46ffbecba4c8,Joel Cunningham,44.0,48737.12,2024-07-01,Clothing,139.53,1
e5039055-f90b-4724-b883-a8ea44e8a604,Kathy Mcintyre,37.0,52070.24,2023-12-12,Books,145.2,1
8c1a612b-fff9-4f34-b94d-9109593985b5,Stephanie Bell,53.0,81303.66,2023-03-06,Clothing,205.22,0
773a13fb-3750-4d77-b367-2754da2e6e6c,Emily Higgins,44.0,99444.53,2020-11-15,Books,16.77,0
20e30a4d-fbce-4cd0-9050-f32cd4062cce,Lindsey Mccullough,65.0,89321.17,2020-11-29,Home & Kitchen,453.0,0
c6b4195c-aa19-4f26-8fa4-1d2246ddb0ac,Robin Coleman,27.0,58378.2,2020-04-06,Sports,406.48,0
a908923b-1551-4819-801d-ebf6c503ccb5,Monica Stewart,55.0,43308.75,2022-06-06,Clothing,70.25,1
df4a518a-4ef0-4a9b-93fd-2516d1bfbaba,David Rosales,45.0,55678.96,2020-08-10,Clothing,410.21,1
52c1b3c7-f33c-4233-8833-b07eb4d56ffc,James Hughes,37.0,47521.24,2020-01-11,Electronics,168.13,1
039d60ba-9c99-4735-95a6-52a708fce7af,Diane Weiss,58.0,39482.56,2024-01-05,Home & Kitchen,305.37,1
2a9e9a38-1d5a-474c-8da8-40fd4adb0798,Rebecca Jones,40.0,34955.27,2020-11-06,Books,247.15,1
338f8437-faa2-4bad-867a-6bdfb63c1dd8,Daniel Lee,23.0,999905.2000000001,2022-08-20,Home & Kitchen,225.12,0
dd7516f5-58aa-4383-8dff-06d28340fed5,Samuel Gray,33.0,59944.42,2020-02-25,Books,306.46,1
80b2db0c-6a24-45cf-96c2-b4aa72f78920,Ryan Hartman,46.0,28797.99,2020-12-05,Sports,,1
1f69cd43-68bf-4f7e-94dc-2301882ab925,Amber Hernandez,58.0,50712.53,2020-03-12,Electronics,209.98,0
76847398-fabb-46b6-97f4-3de414934a25,Jason Evans,,51097.35,2020-11-19,Home & Kitchen,18.2,0
4bebcf4f-2c94-451d-92fa-3935ff283550,Tracy Patterson,58.0,61082.76,2019-07-21,Books,426.43,0
ac73189c-6fdc-4e00-a0d9-da583db4cb81,Jesse Taylor,51.0,98403.31,2021-04-24,Books,476.19,0
05dd1ef0-0806-48c9-8967-49fbb2e02961,Jason Hendrix,21.0,98130.68,2024-03-14,Sports,404.55,0
d87d3afc-a370-4e8a-821a-c45bd5e32aef,Bryan Galvan,42.0,65271.53,2022-08-20,Clothing,82.55,0
f9d0a163-def1-474a-9380-1f2544f06c4e,Melissa Nguyen,44.0,69447.32,2024-04-02,Sports,213.48,1
fa4b0bc6-5121-431f-9028-361fa94501d7,Micheal Roberts,18.0,74050.33,2021-10-05,Sports,379.66,1
49954cf1-faaf-400c-a74b-3d208c3fa29f,Anna Kim,44.0,60177.77,2019-10-20,Clothing,432.49,0
3fb230b2-b55d-4442-8884-e6660c661a49,Krista Fowler,64.0,58934.24,2020-04-09,Electronics,435.58,1
84403b37-b13b-4d4e-a368-f7d2d9732b86,Jesse Jones,38.0,45161.92,2021-12-10,Home & Kitchen,462.2,1
0e5bc44c-98de-4bf6-8273-4d1c23d83f22,Daniel Holland,46.0,74713.74,2020-08-23,Sports,322.6,0
47e77e2b-6b29-4a13-a37c-3644c9345ce7,Linda Kelly,31.0,27351.62,2019-12-18,Books,73.64,0
f367dbe2-40e3-469f-b9b6-6d71951a0518,Michael Jefferson,41.0,45371.62,2020-10-25,Sports,212.98,1
88653e42-cefe-43ec-a918-4b9f501049e2,Luis Cooper,36.0,91278.28,2021-11-05,Sports,479.95,0
b550f221-72e5-4360-a3ae-b12e7d4fbfff,Nicholas Hamilton,48.0,38190.25,2021-08-10,Books,70.45,0
2b66b1c0-5fdd-4329-ac74-9cf41f7550bc,Melissa Keller,23.0,97406.59,2023-04-03,Clothing,466.81,0
b4ca0142-3b23-4fd8-8d20-f686854df9b6,Joshua Newman,29.0,,2024-03-17,Books,182.99,0
07d5e121-623a-45ae-ba31-a27cced4dd7c,Alexander Owens,68.0,66030.61,2022-03-22,Clothing,,0
1932263c-4eec-45b0-94c3-0b503d0daad0,Tiffany Fox,24.0,,2019-12-17,Books,407.66,0
20f12d46-e775-427e-aec0-12f0d3100ac5,Tammie Garcia,35.0,27478.26,2020-02-03,Electronics,50.99,1
e4bd7d57-03e3-425b-b00b-1433f5d61476,John Bradley,25.0,,2021-07-09,Electronics,60.62,1
69f5a741-8686-4f29-9cb7-6bb9c0ff34b4,James Kane,53.0,,2019-12-07,Sports,241.79,1
7ff5101d-3f1c-431b-86ff-76d11fe32b56,Laura Hebert,56.0,29048.66,2022-03-22,Books,452.64,0
6e771359-677a-4eb7-84bf-c434481ce3f9,Julia Thompson,62.0,83776.86,2023-01-20,Electronics,485.29,1
ed4879e7-efd1-44ee-b287-c4407881307d,Jonathan Williams,27.0,49132.37,2020-12-14,Sports,328.88,1
e30d04fd-b58c-4e9f-aa0b-20400ef05b6f,Shirley Price,,38698.7,2022-02-11,Books,99.78,0
33d4a096-5b78-41ea-8634-3347daa6b26a,Nicole Li,62.0,23495.51,2024-05-26,Clothing,,0
cc869dea-38a7-4c54-a6b1-caba3fccb2c1,Leonard Delgado,46.0,50613.75,2020-05-03,Electronics,191.23,0
2fb01074-2532-4fd3-89f3-5bf84d03cbdd,Christopher Powers,43.0,,2024-02-26,Clothing,135.83,0
8b4eb003-401a-4e8a-bba0-fd458d3ac4b9,Amanda Washington,29.0,29319.32,2021-07-30,Clothing,,1
dd3b8d93-3b8d-4d5b-ae66-5ecb06f9f4e6,Jeff Hines,67.0,68371.64,2023-11-28,Clothing,224.25,1
ecdd001e-6ad8-464d-b8c5-ee78d214f218,Amanda Spears,44.0,94795.63,2021-05-17,Electronics,262.0,0
2826ef27-f190-4b53-b489-f5c7e22f6e82,Janet Young,45.0,35949.27,2024-02-05,Sports,485.37,1
20fa5cd3-8f5a-4ade-821d-3ead3e4c1362,Kimberly Fry,29.0,79284.9,2023-11-30,Books,24.0,0
ae63ad3a-94d7-4681-9551-1e14e18d99ce,Peggy Humphrey,33.0,35816.44,2023-08-29,Books,437.41,1
8625dcb0-3f79-4d31-beb7-78d62b021118,Rachel Ferguson,47.0,20119.62,2021-02-24,Electronics,219.58,0
cc713ba6-4ca4-4e01-8621-8f7ffcd4fb19,Jessica Dorsey,39.0,91723.04,2020-10-19,Sports,423.64,1
b57a5c03-cb85-4da6-9b01-98ffde21c855,Yesenia Scott,51.0,87688.7,2019-12-30,Clothing,438.66,1
75fc1b10-b8d1-4539-8562-8912bdf2b5a1,Luis Wood,27.0,25342.3,2023-05-28,Sports,,0
33251c76-d8ef-45c9-a7a2-d2d0ca3c4050,Raymond Lowe,40.0,34170.82,2021-07-04,Clothing,239.51,1
618a4763-2af5-45a3-a97b-85380ff73f25,Rhonda Burns,47.0,38744.07,2021-10-30,Clothing,263.26,1
6282c33d-3665-46a5-a34d-a412816a5ea8,Jay Clarke,58.0,94265.71,2019-12-25,Books,300.06,1
1a608f0d-7e41-42ad-86b0-915a8880f9fd,Ryan Ross,58.0,50554.33,2019-11-07,Electronics,200.78,0
88662aba-1601-4cc6-9b16-0641207417e7,Olivia Powers,23.0,,2023-09-18,Clothing,358.2,0
e4d08ebe-d335-414c-a62c-e6a302fbad7c,Timothy Richardson,48.0,54865.08,2022-04-19,Electronics,,0
bf33551d-f629-4535-82b3-3be214ed05bd,Adam Valencia,66.0,50499.57,2020-04-30,Sports,171.79,0
65578e91-bee5-464d-be37-355efbdc678a,Kevin Rollins,31.0,81227.84,2020-06-14,Clothing,477.48,0
fc145cfe-469a-4289-ac91-c01e734c5192,Lori Dennis,36.0,69260.88,2021-04-22,Sports,283.55,1
a96e2bf4-5865-43b8-b915-486569967b5c,Jennifer Wilson,18.0,41545.42,2020-10-31,Clothing,,1
139e5ca2-b9e7-4780-821c-f26265739938,Edward Lewis,62.0,66624.85,2020-03-09,Sports,,1
96062930-2860-4311-8315-d334e47c98ea,Christine Young,46.0,,2019-07-17,Sports,364.54,0
dba620f1-35bb-4db0-bda3-14883e1fa8ac,Tricia Walsh,57.0,,2024-04-13,Sports,144.14,0
0dbcad25-daac-43a3-82f8-9ef40b9bcb7e,Robert Moore,47.0,74174.33,2021-09-22,Sports,405.4,1
b17078ee-1129-40f2-8f21-ae6a82e2f424,Kathleen Walton,18.0,71259.77,2022-10-24,Books,473.74,1
b5cbb690-735b-4a80-bfbd-aeed723dc8f5,Mr. Aaron Bridges,31.0,67672.19,2022-05-02,Sports,179.49,0
a9584453-c2ea-4172-a5a1-5243c7281f15,Christina Shah,37.0,27364.08,2023-01-06,Books,192.1,0
e15093b0-a07a-4b89-998d-f20b226dded0,Lori Huff DVM,25.0,95615.12,2023-12-17,Home & Kitchen,154.39,0
992e7dea-0374-4263-8a06-09aa827acd0d,Cody Morris,67.0,77187.35,2021-02-24,Books,131.55,1
5ba48aa0-aab6-441b-99e8-484c25d203e3,Elizabeth Hayes,58.0,41829.69,2022-10-16,Sports,499.34,0
4c1f59df-f6b4-460b-9466-c7725df5672b,Cassandra Gibson,37.0,75388.06,2019-07-31,Electronics,414.72,1
40e5e8fa-b033-4368-a443-a7378072b635,Jason Woodward,52.0,69665.39,2020-12-27,Home & Kitchen,433.22,1
ce91e0c9-7abd-4241-85c2-b1052234c40f,Antonio Orozco,56.0,999905.2000000001,2019-08-20,Home & Kitchen,18.71,1
dafd518d-d55f-4e0e-af6b-e029bbef627f,Grace Williams,27.0,50312.72,2021-09-21,Clothing,476.43,1
56e16c2b-659b-4dcb-9bca-e27d331978eb,Martin Gonzales Jr.,45.0,65854.07,2023-10-16,Electronics,412.82,0
23aa9e67-70bc-4ec1-8d29-d77a793910e6,Paul Nichols,63.0,72802.18,2023-12-21,Clothing,412.52,0
f0041e32-4bc0-4de3-9197-b56179b68b95,Elizabeth Graham,66.0,36132.49,2022-11-10,Books,463.67,0
54f5edf7-e9bf-49f4-b373-9067cf085288,Matthew Gibson,48.0,60640.97,2023-09-26,Clothing,208.8,0
9a642c24-a34a-4c3e-9a68-fa2a59581c94,Michael Beltran,23.0,29627.33,2021-11-13,Sports,43.05,1
66b9b21b-9429-4726-a557-338d6175f16a,Andrew Weaver,61.0,999905.2000000001,2019-12-01,Clothing,286.88,0
4c43745b-8063-4ef2-a534-28bbb20ed719,Heather Lam,49.0,92884.85,2021-10-30,Electronics,,1
9090d244-c1d4-4db0-909b-f39cacb1691c,Julie Gordon,66.0,29963.78,2023-02-05,Clothing,111.89,0
6e6b3eba-3055-484e-bc38-bfd6d7e23908,Michael Brown,,91461.36,2020-08-18,Clothing,372.49,0
2adb6a67-83ad-4758-83e1-592e3765002d,Robert Lee,52.0,57583.94,2020-02-22,Books,492.67,0
98ecdbc6-cec7-490b-a3e8-6d638278e1e5,Claudia Wilson,66.0,56392.21,2024-06-06,Books,359.55,0
881f93bd-e669-46b6-81af-b76b84733c88,Joshua Baker,43.0,47185.23,2021-09-26,Electronics,398.1,1
d610de6d-819d-49b4-a949-2308c710fab3,Jesse Daniel,35.0,53297.42,2022-09-30,Sports,,1
eac503ff-79d1-4233-a5c0-7ecfd38a1bdb,Kevin Harper,58.0,50178.59,2024-06-19,Home & Kitchen,406.2,1
4d390362-6ef4-46b4-824c-222f577aa515,Lisa Russell,19.0,65198.64,2022-12-30,Home & Kitchen,84.0,1
86d77094-a689-4303-a807-092d74ca0c56,Mr. Joseph Craig,25.0,46847.47,2021-07-29,Books,4999.3,1
31bf3b36-bac1-44b5-8a19-e5a80d5a2ad3,David Spence,,85758.07,2022-03-17,Home & Kitchen,306.12,1
b0fde8c9-7575-417c-81ca-37f5f7de1a61,Nancy Jarvis,60.0,38684.94,2021-12-26,Home & Kitchen,437.65,1
98e16bc0-3385-49c7-84ad-e7b7119b0fb4,Debra Reed DVM,20.0,39877.61,2021-10-05,Electronics,4999.3,0
fa9f941a-41a0-44be-9b0d-ff111a6c3c25,Brittany Kramer,18.0,58444.12,2022-05-06,Sports,133.78,0
d35169bc-0044-4690-b17a-7c84cb3d7ee7,Daniel Austin,,94806.5,2021-01-18,Electronics,270.63,1
e55b88ff-f086-4962-b771-f867dfa2e52b,James Martin,43.0,21913.25,2020-01-29,Books,249.33,0
e83f3278-2c70-4901-9e3f-4f152f5c5cbe,Lisa Meadows,51.0,77873.09,2024-04-27,Home & Kitchen,13.33,0
9c017e5d-5c41-4fb5-a94a-29d3f73c3dce,William Parker,55.0,20480.53,2024-01-10,Sports,29.14,0
acac00dc-024e-4609-8486-4d26cfd09276,Gregory Meza,63.0,52388.82,2022-12-11,Sports,98.11,0
054961d6-0438-43d4-a81b-3fe3fda48455,Johnathan Hill,43.0,81136.58,2021-09-17,Electronics,248.82,1
2adfd824-edae-4c39-aa9e-062a9b89bf0d,Jacqueline Middleton,46.0,,2023-12-16,Clothing,330.98,1
f65a1a2a-4f76-4aac-9ec2-2e0cd4cd82fa,Mark Archer,,54359.11,2021-10-31,Clothing,262.89,0
d2bddb3b-649e-4503-bc73-7aead273dcbe,Joseph Ayala,65.0,40257.35,2022-09-20,Books,289.57,1
dbb59fc2-5cff-496e-bd03-c81f7ff35029,John Bond,,58007.65,2024-02-18,Clothing,496.04,1
6e935faf-9502-41d5-967a-d0895acecdbf,Kelsey Yates,40.0,38260.76,2020-05-24,Electronics,48.38,1
0654f465-b311-49c4-9d86-fd12c8359b91,Melanie Patrick,36.0,42681.7,2023-05-02,Books,189.49,1
98082cf3-03a7-49aa-ac14-af79c4a0c1cd,Brandon Williams,66.0,72263.48,2024-03-05,Home & Kitchen,274.96,0
bd05bc2c-5a50-4a98-85c5-5e39881d0ee1,Colleen Wagner,,67955.76,2021-07-24,Clothing,,0
